run_dir,run_number,run_index,run_id,method,load,status,start_ts,end_ts,error,monitor_enabled,migrate_enabled,control_run,batch_id,batch_dir,summary_present,summary_path,summary_load_error,excluded,exclude_reason,analysis_note,cutover_ms,cutover_ms_event,cutover_strategy,http_downtime_ms,l4_downtime_ms,vip_http_client_visible_total_down_ms,vip_http_client_visible_down_segments,vip_http_client_visible_outage_span_ms,vip_http_cutover_near_downtime_ms,vip_http_downtime_ms,vip_l4_downtime_ms,vip_http_cutover_gap_ms,vip_l4_cutover_gap_ms,vip_http_downphase_ms,vip_l4_downphase_ms,vip_http_samples_before,vip_http_samples_after,vip_http_transport_err_before,vip_http_transport_err_after,vip_http_non_200_before,vip_http_non_200_after,vip_l4_samples_before,vip_l4_samples_after,vip_l4_up_before,vip_l4_up_after,vip_l4_down_before,vip_l4_down_after,vip_http_segment_start_ms,vip_http_segment_end_ms,precopy_final_dump_ms,precopy_transfer_prepare_ms,precopy_vip_prepare_ms,precopy_dest_container_cleanup_ms,precopy_transfer_to_restore_ms,precopy_restore_call_ms,precopy_transfer_to_restore_exec_ms,precopy_restore_launch_overhead_ms,precopy_restore_exec_ms,precopy_restore_return_overhead_ms,precopy_restore_to_cutover_ms,precopy_restore_exec_to_cutover_ms,precopy_transfer_mode,precopy_transfer_verify_mode,postcopy_restore_to_readiness_ms,postcopy_readiness_gate_ms,postcopy_warmup_duration_ms,postcopy_cutover_duration_ms,postcopy_cutover_to_health_ok_ms,monitor_http_timeout_ms,monitor_l4_timeout_ms,monitor_precision_mode,monitor_burst_window_ms,migration_vip_garp_count,migration_vip_garp_interval_ms,migration_vip_garp_mode,migration_vip_conntrack_clear_src,migration_precopy_image_mode,migration_precopy_pre_dump_rounds,migration_precopy_tcp_established,migration_postcopy_readiness_stable_successes,migration_postcopy_readiness_interval_ms,migration_postcopy_readiness_timeout_ms,migration_postcopy_probe_max_time_s,migration_postcopy_warmup_rounds,migration_postcopy_warmup_interval_ms,migration_postcopy_warmup_max_duration_ms,latency_src_p50_ms,latency_src_avg_ms,latency_dst_p50_ms,latency_dst_avg_ms,latency_vip_p50_ms,latency_vip_avg_ms,stream_disconnects,stream_max_gap_ms,stream_avg_bps,download_bytes_total,download_duration_ms,dl_avg_bps,download_disconnects,download_max_gap_ms,upload_bytes_total,upload_duration_ms,upload_avg_bps,upload_disconnects,upload_max_gap_ms,analyze_rc,vip_l4_downtime_zero_from_continuous_up,latency_delta_dst_src_p50_ms,latency_delta_dst_src_avg_ms,vip_http_client_visible_minus_l4_downtime_ms,vip_http_minus_l4_downtime_ms
D:\ContainerLiveMigration\tests\testläufe\messungen_daten_v2\runs\batches\20260721_171303_postcopy_wrk3_ae3c82\runs\0001,0001,1,20260721_171303_postcopy_01_92f49c,postcopy,wrk3,ok,2026-07-21T17:13:03Z,2026-07-21T17:13:30Z,,True,True,False,20260721_171303_postcopy_wrk3_ae3c82,/mnt/criu/runs/batches/20260721_171303_postcopy_wrk3_ae3c82,True,D:\ContainerLiveMigration\tests\testläufe\messungen_daten_v2\runs\batches\20260721_171303_postcopy_wrk3_ae3c82\runs\0001\summary.json,,False,,,1784654001372.0,1784654001372.0,events(offset_corrected),2507.0,701.0,1461.0,1.0,1461.0,1461.0,1461.0,0.0,52.0,50.0,1450.0,,200.0,74.0,31.0,0.0,0.0,0.0,200.0,73.0,200.0,73.0,0.0,0.0,1784653998921.0,1784654000382.0,,363.0,328.0,,318.0,431.0,,,,,1339.0,,,,1327.0,,,793.0,1076.0,40.0,40.0,False,0.0,3.0,200.0,A,False,shared,0.0,1.0,3.0,200.0,10000.0,2.0,1.0,0.0,400.0,14.45,15.835,8.275,8.069,12.12,14.296,29.0,,0.0,0.0,0.0,,0.0,,0.0,0.0,,0.0,,0,True,-6.174999999999999,-7.766,1461.0,1461.0
D:\ContainerLiveMigration\tests\testläufe\messungen_daten_v2\runs\batches\20260721_171303_postcopy_wrk3_ae3c82\runs\0002,0002,2,20260721_171331_postcopy_02_ae0349,postcopy,wrk3,ok,2026-07-21T17:13:31Z,2026-07-21T17:13:56Z,,True,True,False,20260721_171303_postcopy_wrk3_ae3c82,/mnt/criu/runs/batches/20260721_171303_postcopy_wrk3_ae3c82,True,D:\ContainerLiveMigration\tests\testläufe\messungen_daten_v2\runs\batches\20260721_171303_postcopy_wrk3_ae3c82\runs\0002\summary.json,,False,,,1784654027486.0,1784654027486.0,events(offset_corrected),2548.0,700.0,1411.0,1.0,1411.0,1411.0,1411.0,0.0,51.0,50.0,1400.0,,196.0,73.0,30.0,0.0,0.0,0.0,196.0,73.0,196.0,73.0,0.0,0.0,1784654025024.0,1784654026435.0,,365.0,312.0,,313.0,433.0,,,,,1367.0,,,,1351.0,,,787.0,1063.0,40.0,40.0,False,0.0,3.0,200.0,A,False,shared,0.0,1.0,3.0,200.0,10000.0,2.0,1.0,0.0,400.0,11.35,12.743,9.61,9.198,11.46,12.367,26.0,,0.0,0.0,0.0,,0.0,,0.0,0.0,,0.0,,0,True,-1.7400000000000002,-3.545,1411.0,1411.0
D:\ContainerLiveMigration\tests\testläufe\messungen_daten_v2\runs\batches\20260721_171303_postcopy_wrk3_ae3c82\runs\0003,0003,3,20260721_171357_postcopy_03_937910,postcopy,wrk3,ok,2026-07-21T17:13:57Z,2026-07-21T17:14:22Z,,True,True,False,20260721_171303_postcopy_wrk3_ae3c82,/mnt/criu/runs/batches/20260721_171303_postcopy_wrk3_ae3c82,True,D:\ContainerLiveMigration\tests\testläufe\messungen_daten_v2\runs\batches\20260721_171303_postcopy_wrk3_ae3c82\runs\0003\summary.json,,False,,,1784654053269.0,1784654053269.0,events(offset_corrected),2499.0,700.0,1361.0,1.0,1361.0,1361.0,1361.0,0.0,44.0,50.0,1350.0,,188.0,74.0,28.0,0.0,0.0,0.0,188.0,74.0,188.0,74.0,0.0,0.0,1784654050854.0,1784654052215.0,,371.0,329.0,,302.0,433.0,,,,,1351.0,,,,1336.0,,,795.0,1069.0,40.0,40.0,False,0.0,3.0,200.0,A,False,shared,0.0,1.0,3.0,200.0,10000.0,2.0,1.0,0.0,400.0,14.72,16.276,8.08,7.861,11.57,14.09,26.0,,0.0,0.0,0.0,,0.0,,0.0,0.0,,0.0,,0,True,-6.640000000000001,-8.415,1361.0,1361.0
D:\ContainerLiveMigration\tests\testläufe\messungen_daten_v2\runs\batches\20260721_171303_postcopy_wrk3_ae3c82\runs\0004,0004,4,20260721_171423_postcopy_04_b2a8cd,postcopy,wrk3,ok,2026-07-21T17:14:23Z,2026-07-21T17:14:48Z,,True,True,False,20260721_171303_postcopy_wrk3_ae3c82,/mnt/criu/runs/batches/20260721_171303_postcopy_wrk3_ae3c82,True,D:\ContainerLiveMigration\tests\testläufe\messungen_daten_v2\runs\batches\20260721_171303_postcopy_wrk3_ae3c82\runs\0004\summary.json,,False,,,1784654079397.0,1784654079397.0,events(offset_corrected),2503.0,700.0,1412.0,1.0,1412.0,1412.0,1412.0,0.0,55.0,50.0,1400.0,,190.0,73.0,29.0,0.0,0.0,0.0,190.0,73.0,190.0,73.0,0.0,0.0,1784654076987.0,1784654078399.0,,366.0,312.0,,317.0,444.0,,,,,1352.0,,,,1336.0,,,773.0,1050.0,40.0,40.0,False,0.0,3.0,200.0,A,False,shared,0.0,1.0,3.0,200.0,10000.0,2.0,1.0,0.0,400.0,13.47,14.089,8.86,8.602,11.14,13.194,26.0,,0.0,0.0,0.0,,0.0,,0.0,0.0,,0.0,,0,True,-4.610000000000001,-5.487,1412.0,1412.0
D:\ContainerLiveMigration\tests\testläufe\messungen_daten_v2\runs\batches\20260721_171303_postcopy_wrk3_ae3c82\runs\0005,0005,5,20260721_171449_postcopy_05_dcf1b6,postcopy,wrk3,ok,2026-07-21T17:14:49Z,2026-07-21T17:15:14Z,,True,True,False,20260721_171303_postcopy_wrk3_ae3c82,/mnt/criu/runs/batches/20260721_171303_postcopy_wrk3_ae3c82,True,D:\ContainerLiveMigration\tests\testläufe\messungen_daten_v2\runs\batches\20260721_171303_postcopy_wrk3_ae3c82\runs\0005\summary.json,,False,,,1784654105788.0,1784654105788.0,events(offset_corrected),2501.0,700.0,1361.0,1.0,1361.0,1361.0,1361.0,10.0,45.0,50.0,1350.0,0.0,189.0,73.0,30.0,0.0,0.0,0.0,189.0,72.0,185.0,72.0,4.0,0.0,1784654103404.0,1784654104765.0,,357.0,323.0,,316.0,424.0,,,,,1356.0,,,,1343.0,,,769.0,1053.0,40.0,40.0,False,0.0,3.0,200.0,A,False,shared,0.0,1.0,3.0,200.0,10000.0,2.0,1.0,0.0,400.0,13.29,14.766,9.29,8.843,10.42,13.096,26.0,,0.0,0.0,0.0,,0.0,,0.0,0.0,,0.0,,0,False,-4.0,-5.923,1351.0,1351.0
D:\ContainerLiveMigration\tests\testläufe\messungen_daten_v2\runs\batches\20260721_171303_postcopy_wrk3_ae3c82\runs\0006,0006,6,20260721_171515_postcopy_06_3708ce,postcopy,wrk3,ok,2026-07-21T17:15:15Z,2026-07-21T17:15:40Z,,True,True,False,20260721_171303_postcopy_wrk3_ae3c82,/mnt/criu/runs/batches/20260721_171303_postcopy_wrk3_ae3c82,True,D:\ContainerLiveMigration\tests\testläufe\messungen_daten_v2\runs\batches\20260721_171303_postcopy_wrk3_ae3c82\runs\0006\summary.json,,False,,,1784654131492.0,1784654131492.0,events(offset_corrected),2550.0,700.0,1411.0,1.0,1411.0,1411.0,1411.0,0.0,48.0,50.0,1399.0,,187.0,73.0,31.0,0.0,0.0,0.0,187.0,73.0,187.0,73.0,0.0,0.0,1784654129053.0,1784654130464.0,,344.0,323.0,,308.0,411.0,,,,,1330.0,,,,1318.0,,,780.0,1049.0,40.0,40.0,False,0.0,3.0,200.0,A,False,shared,0.0,1.0,3.0,200.0,10000.0,2.0,1.0,0.0,400.0,13.68,14.005,8.83,8.896,11.31,12.808,25.0,,0.0,0.0,0.0,,0.0,,0.0,0.0,,0.0,,0,True,-4.85,-5.109,1411.0,1411.0
D:\ContainerLiveMigration\tests\testläufe\messungen_daten_v2\runs\batches\20260721_171303_postcopy_wrk3_ae3c82\runs\0007,0007,7,20260721_171541_postcopy_07_e44610,postcopy,wrk3,ok,2026-07-21T17:15:41Z,2026-07-21T17:16:07Z,,True,True,False,20260721_171303_postcopy_wrk3_ae3c82,/mnt/criu/runs/batches/20260721_171303_postcopy_wrk3_ae3c82,True,D:\ContainerLiveMigration\tests\testläufe\messungen_daten_v2\runs\batches\20260721_171303_postcopy_wrk3_ae3c82\runs\0007\summary.json,,False,,,1784654157999.0,1784654157999.0,events(offset_corrected),2599.0,701.0,1461.0,1.0,1461.0,1461.0,1461.0,0.0,45.0,50.0,1450.0,,200.0,73.0,31.0,0.0,0.0,0.0,200.0,73.0,200.0,73.0,0.0,0.0,1784654155510.0,1784654156971.0,,366.0,325.0,,316.0,427.0,,,,,1398.0,,,,1381.0,,,784.0,1052.0,40.0,40.0,False,0.0,3.0,200.0,A,False,shared,0.0,1.0,3.0,200.0,10000.0,2.0,1.0,0.0,400.0,14.74,15.728,8.19,7.752,11.68,14.017,27.0,,0.0,0.0,0.0,,0.0,,0.0,0.0,,0.0,,0,True,-6.550000000000001,-7.976,1461.0,1461.0
D:\ContainerLiveMigration\tests\testläufe\messungen_daten_v2\runs\batches\20260721_171303_postcopy_wrk3_ae3c82\runs\0008,0008,8,20260721_171608_postcopy_08_4d80bc,postcopy,wrk3,ok,2026-07-21T17:16:08Z,2026-07-21T17:16:32Z,,True,True,False,20260721_171303_postcopy_wrk3_ae3c82,/mnt/criu/runs/batches/20260721_171303_postcopy_wrk3_ae3c82,True,D:\ContainerLiveMigration\tests\testläufe\messungen_daten_v2\runs\batches\20260721_171303_postcopy_wrk3_ae3c82\runs\0008\summary.json,,False,,,1784654183844.0,1784654183844.0,events(offset_corrected),2549.0,650.0,1411.0,1.0,1411.0,1411.0,1411.0,0.0,56.0,50.0,1400.0,,188.0,72.0,29.0,0.0,0.0,0.0,187.0,73.0,187.0,73.0,0.0,0.0,1784654181423.0,1784654182834.0,,366.0,320.0,,313.0,439.0,,,,,1329.0,,,,1311.0,,,765.0,1027.0,40.0,40.0,False,0.0,3.0,200.0,A,False,shared,0.0,1.0,3.0,200.0,10000.0,2.0,1.0,0.0,400.0,13.5,15.387,8.67,8.608,11.15,13.63,25.0,,0.0,0.0,0.0,,0.0,,0.0,0.0,,0.0,,0,True,-4.83,-6.779,1411.0,1411.0
D:\ContainerLiveMigration\tests\testläufe\messungen_daten_v2\runs\batches\20260721_171303_postcopy_wrk3_ae3c82\runs\0009,0009,9,20260721_171633_postcopy_09_83f924,postcopy,wrk3,ok,2026-07-21T17:16:33Z,2026-07-21T17:16:58Z,,True,True,False,20260721_171303_postcopy_wrk3_ae3c82,/mnt/criu/runs/batches/20260721_171303_postcopy_wrk3_ae3c82,True,D:\ContainerLiveMigration\tests\testläufe\messungen_daten_v2\runs\batches\20260721_171303_postcopy_wrk3_ae3c82\runs\0009\summary.json,,False,,,1784654209856.0,1784654209856.0,events(offset_corrected),2601.0,700.0,1461.0,1.0,1461.0,1461.0,1461.0,0.0,46.0,50.0,1450.0,,192.0,73.0,31.0,0.0,0.0,0.0,192.0,73.0,192.0,73.0,0.0,0.0,1784654207356.0,1784654208817.0,,341.0,304.0,,307.0,441.0,,,,,1367.0,,,,1352.0,,,773.0,1053.0,40.0,40.0,False,0.0,3.0,200.0,A,False,shared,0.0,1.0,3.0,200.0,10000.0,2.0,1.0,0.0,400.0,14.495,15.063,9.41,9.349,11.825,13.581,26.0,,0.0,0.0,0.0,,0.0,,0.0,0.0,,0.0,,0,True,-5.084999999999999,-5.714,1461.0,1461.0
D:\ContainerLiveMigration\tests\testläufe\messungen_daten_v2\runs\batches\20260721_171303_postcopy_wrk3_ae3c82\runs\0010,0010,10,20260721_171700_postcopy_10_4e6eaa,postcopy,wrk3,ok,2026-07-21T17:17:00Z,2026-07-21T17:17:25Z,,True,True,False,20260721_171303_postcopy_wrk3_ae3c82,/mnt/criu/runs/batches/20260721_171303_postcopy_wrk3_ae3c82,True,D:\ContainerLiveMigration\tests\testläufe\messungen_daten_v2\runs\batches\20260721_171303_postcopy_wrk3_ae3c82\runs\0010\summary.json,,False,,,1784654236242.0,1784654236242.0,events(offset_corrected),2550.0,750.0,1412.0,1.0,1412.0,1412.0,1412.0,0.0,56.0,50.0,1401.0,,192.0,74.0,29.0,0.0,0.0,0.0,192.0,73.0,192.0,73.0,0.0,0.0,1784654233803.0,1784654235215.0,,368.0,319.0,,309.0,425.0,,,,,1358.0,,,,1342.0,,,784.0,1071.0,40.0,40.0,False,0.0,3.0,200.0,A,False,shared,0.0,1.0,3.0,200.0,10000.0,2.0,1.0,0.0,400.0,13.06,14.554,9.84,9.449,12.12,13.872,26.0,,0.0,0.0,0.0,,0.0,,0.0,0.0,,0.0,,0,True,-3.2200000000000006,-5.105,1412.0,1412.0
D:\ContainerLiveMigration\tests\testläufe\messungen_daten_v2\runs\batches\20260721_171303_postcopy_wrk3_ae3c82\runs\0011,0011,11,20260721_171726_postcopy_11_aa6d67,postcopy,wrk3,ok,2026-07-21T17:17:26Z,2026-07-21T17:17:51Z,,True,True,False,20260721_171303_postcopy_wrk3_ae3c82,/mnt/criu/runs/batches/20260721_171303_postcopy_wrk3_ae3c82,True,D:\ContainerLiveMigration\tests\testläufe\messungen_daten_v2\runs\batches\20260721_171303_postcopy_wrk3_ae3c82\runs\0011\summary.json,,False,,,1784654261911.0,1784654261911.0,events(offset_corrected),2554.0,650.0,1461.0,1.0,1461.0,1461.0,1461.0,0.0,48.0,50.0,1450.0,,187.0,74.0,30.0,0.0,0.0,0.0,187.0,74.0,187.0,74.0,0.0,0.0,1784654259455.0,1784654260916.0,,339.0,322.0,,300.0,426.0,,,,,1313.0,,,,1299.0,,,786.0,1070.0,40.0,40.0,False,0.0,3.0,200.0,A,False,shared,0.0,1.0,3.0,200.0,10000.0,2.0,1.0,0.0,400.0,16.24,16.233,8.46,8.054,11.1,14.23,26.0,,0.0,0.0,0.0,,0.0,,0.0,0.0,,0.0,,0,True,-7.779999999999998,-8.179,1461.0,1461.0
D:\ContainerLiveMigration\tests\testläufe\messungen_daten_v2\runs\batches\20260721_171303_postcopy_wrk3_ae3c82\runs\0012,0012,12,20260721_171751_postcopy_12_c08245,postcopy,wrk3,ok,2026-07-21T17:17:51Z,2026-07-21T17:18:17Z,,True,True,False,20260721_171303_postcopy_wrk3_ae3c82,/mnt/criu/runs/batches/20260721_171303_postcopy_wrk3_ae3c82,True,D:\ContainerLiveMigration\tests\testläufe\messungen_daten_v2\runs\batches\20260721_171303_postcopy_wrk3_ae3c82\runs\0012\summary.json,,False,,,1784654288164.0,1784654288164.0,events(offset_corrected),2508.0,700.0,1411.0,1.0,1411.0,1411.0,1411.0,0.0,52.0,50.0,1400.0,,198.0,73.0,29.0,0.0,0.0,0.0,198.0,72.0,198.0,72.0,0.0,0.0,1784654285761.0,1784654287172.0,,370.0,330.0,,300.0,412.0,,,,,1357.0,,,,1341.0,,,779.0,1050.0,40.0,40.0,False,0.0,3.0,200.0,A,False,shared,0.0,1.0,3.0,200.0,10000.0,2.0,1.0,0.0,400.0,14.13,14.816,8.04,8.219,11.775,13.85,26.0,,0.0,0.0,0.0,,0.0,,0.0,0.0,,0.0,,0,True,-6.090000000000002,-6.597000000000001,1411.0,1411.0
D:\ContainerLiveMigration\tests\testläufe\messungen_daten_v2\runs\batches\20260721_171303_postcopy_wrk3_ae3c82\runs\0013,0013,13,20260721_171818_postcopy_13_b811b1,postcopy,wrk3,ok,2026-07-21T17:18:18Z,2026-07-21T17:18:43Z,,True,True,False,20260721_171303_postcopy_wrk3_ae3c82,/mnt/criu/runs/batches/20260721_171303_postcopy_wrk3_ae3c82,True,D:\ContainerLiveMigration\tests\testläufe\messungen_daten_v2\runs\batches\20260721_171303_postcopy_wrk3_ae3c82\runs\0013\summary.json,,False,,,1784654314155.0,1784654314155.0,events(offset_corrected),2606.0,700.0,1559.0,2.0,3019.0,1511.0,1511.0,10.0,55.0,50.0,1500.0,0.0,191.0,74.0,32.0,1.0,0.0,0.0,191.0,74.0,190.0,74.0,1.0,0.0,1784654311605.0,1784654313116.0,,349.0,315.0,,304.0,455.0,,,,,1343.0,,,,1328.0,,,789.0,1064.0,40.0,40.0,False,0.0,3.0,200.0,A,False,shared,0.0,1.0,3.0,200.0,10000.0,2.0,1.0,0.0,400.0,13.64,14.998,9.41,9.026,10.965,12.988,26.0,,0.0,0.0,0.0,,0.0,,0.0,0.0,,0.0,,0,False,-4.23,-5.9719999999999995,1549.0,1501.0
D:\ContainerLiveMigration\tests\testläufe\messungen_daten_v2\runs\batches\20260721_171303_postcopy_wrk3_ae3c82\runs\0014,0014,14,20260721_171844_postcopy_14_525181,postcopy,wrk3,ok,2026-07-21T17:18:44Z,2026-07-21T17:19:09Z,,True,True,False,20260721_171303_postcopy_wrk3_ae3c82,/mnt/criu/runs/batches/20260721_171303_postcopy_wrk3_ae3c82,True,D:\ContainerLiveMigration\tests\testläufe\messungen_daten_v2\runs\batches\20260721_171303_postcopy_wrk3_ae3c82\runs\0014\summary.json,,False,,,1784654340049.0,1784654340049.0,events(offset_corrected),2555.0,700.0,1411.0,1.0,1411.0,1411.0,1411.0,0.0,49.0,51.0,1400.0,,190.0,73.0,30.0,0.0,0.0,0.0,190.0,73.0,190.0,73.0,0.0,0.0,1784654337608.0,1784654339019.0,,340.0,322.0,,292.0,404.0,,,,,1322.0,,,,1305.0,,,771.0,1057.0,40.0,40.0,False,0.0,3.0,200.0,A,False,shared,0.0,1.0,3.0,200.0,10000.0,2.0,1.0,0.0,400.0,15.94,15.723,6.02,6.232,10.24,12.92,26.0,,0.0,0.0,0.0,,0.0,,0.0,0.0,,0.0,,0,True,-9.92,-9.491,1411.0,1411.0
D:\ContainerLiveMigration\tests\testläufe\messungen_daten_v2\runs\batches\20260721_171303_postcopy_wrk3_ae3c82\runs\0015,0015,15,20260721_171910_postcopy_15_563834,postcopy,wrk3,ok,2026-07-21T17:19:10Z,2026-07-21T17:19:35Z,,True,True,False,20260721_171303_postcopy_wrk3_ae3c82,/mnt/criu/runs/batches/20260721_171303_postcopy_wrk3_ae3c82,True,D:\ContainerLiveMigration\tests\testläufe\messungen_daten_v2\runs\batches\20260721_171303_postcopy_wrk3_ae3c82\runs\0015\summary.json,,False,,,1784654366408.0,1784654366408.0,events(offset_corrected),2502.0,700.0,1412.0,1.0,1412.0,1412.0,1412.0,0.0,56.0,50.0,1400.0,,188.0,73.0,30.0,0.0,0.0,0.0,187.0,73.0,187.0,73.0,0.0,0.0,1784654363987.0,1784654365399.0,,348.0,301.0,,305.0,440.0,,,,,1342.0,,,,1324.0,,,780.0,1058.0,40.0,40.0,False,0.0,3.0,200.0,A,False,shared,0.0,1.0,3.0,200.0,10000.0,2.0,1.0,0.0,400.0,13.61,15.331,9.0,8.925,11.02,13.6,25.0,,0.0,0.0,0.0,,0.0,,0.0,0.0,,0.0,,0,True,-4.609999999999999,-6.405999999999999,1412.0,1412.0
D:\ContainerLiveMigration\tests\testläufe\messungen_daten_v2\runs\batches\20260721_171303_postcopy_wrk3_ae3c82\runs\0016,0016,16,20260721_171936_postcopy_16_b2be81,postcopy,wrk3,ok,2026-07-21T17:19:36Z,2026-07-21T17:20:01Z,,True,True,False,20260721_171303_postcopy_wrk3_ae3c82,/mnt/criu/runs/batches/20260721_171303_postcopy_wrk3_ae3c82,True,D:\ContainerLiveMigration\tests\testläufe\messungen_daten_v2\runs\batches\20260721_171303_postcopy_wrk3_ae3c82\runs\0016\summary.json,,False,,,1784654392514.0,1784654392514.0,events(offset_corrected),2701.0,700.0,1562.0,1.0,1562.0,1562.0,1562.0,0.0,55.0,50.0,1550.0,,194.0,72.0,32.0,0.0,0.0,0.0,194.0,72.0,194.0,72.0,0.0,0.0,1784654389920.0,1784654391482.0,,355.0,293.0,,312.0,465.0,,,,,1373.0,,,,1357.0,,,774.0,1035.0,40.0,40.0,False,0.0,3.0,200.0,A,False,shared,0.0,1.0,3.0,200.0,10000.0,2.0,1.0,0.0,400.0,17.9,17.24,9.14,8.959,11.885,14.996,26.0,,0.0,0.0,0.0,,0.0,,0.0,0.0,,0.0,,0,True,-8.759999999999998,-8.280999999999999,1562.0,1562.0
D:\ContainerLiveMigration\tests\testläufe\messungen_daten_v2\runs\batches\20260721_171303_postcopy_wrk3_ae3c82\runs\0017,0017,17,20260721_172002_postcopy_17_4fb1c2,postcopy,wrk3,ok,2026-07-21T17:20:02Z,2026-07-21T17:20:27Z,,True,True,False,20260721_171303_postcopy_wrk3_ae3c82,/mnt/criu/runs/batches/20260721_171303_postcopy_wrk3_ae3c82,True,D:\ContainerLiveMigration\tests\testläufe\messungen_daten_v2\runs\batches\20260721_171303_postcopy_wrk3_ae3c82\runs\0017\summary.json,,False,,,1784654418593.0,1784654418593.0,events(offset_corrected),2502.0,700.0,1361.0,1.0,1361.0,1361.0,1361.0,0.0,49.0,50.0,1350.0,,196.0,73.0,29.0,0.0,0.0,0.0,196.0,72.0,196.0,72.0,0.0,0.0,1784654416199.0,1784654417560.0,,352.0,326.0,,312.0,454.0,,,,,1332.0,,,,1318.0,,,777.0,1045.0,40.0,40.0,False,0.0,3.0,200.0,A,False,shared,0.0,1.0,3.0,200.0,10000.0,2.0,1.0,0.0,400.0,13.35,14.059,9.09,8.928,11.48,13.466,26.0,,0.0,0.0,0.0,,0.0,,0.0,0.0,,0.0,,0,True,-4.26,-5.1309999999999985,1361.0,1361.0
D:\ContainerLiveMigration\tests\testläufe\messungen_daten_v2\runs\batches\20260721_171303_postcopy_wrk3_ae3c82\runs\0018,0018,18,20260721_172028_postcopy_18_b03501,postcopy,wrk3,ok,2026-07-21T17:20:28Z,2026-07-21T17:20:53Z,,True,True,False,20260721_171303_postcopy_wrk3_ae3c82,/mnt/criu/runs/batches/20260721_171303_postcopy_wrk3_ae3c82,True,D:\ContainerLiveMigration\tests\testläufe\messungen_daten_v2\runs\batches\20260721_171303_postcopy_wrk3_ae3c82\runs\0018\summary.json,,False,,,1784654444546.0,1784654444546.0,events(offset_corrected),2456.0,700.0,1312.0,1.0,1312.0,1312.0,1312.0,0.0,49.0,50.0,1300.0,,190.0,73.0,28.0,0.0,0.0,0.0,190.0,73.0,190.0,73.0,0.0,0.0,1784654442186.0,1784654443498.0,,356.0,328.0,,291.0,403.0,,,,,1341.0,,,,1325.0,,,774.0,1049.0,40.0,40.0,False,0.0,3.0,200.0,A,False,shared,0.0,1.0,3.0,200.0,10000.0,2.0,1.0,0.0,400.0,14.22,16.074,9.21,8.838,11.46,14.355,26.0,,0.0,0.0,0.0,,0.0,,0.0,0.0,,0.0,,0,True,-5.01,-7.236000000000002,1312.0,1312.0
D:\ContainerLiveMigration\tests\testläufe\messungen_daten_v2\runs\batches\20260721_171303_postcopy_wrk3_ae3c82\runs\0019,0019,19,20260721_172054_postcopy_19_b46fb9,postcopy,wrk3,ok,2026-07-21T17:20:54Z,2026-07-21T17:21:19Z,,True,True,False,20260721_171303_postcopy_wrk3_ae3c82,/mnt/criu/runs/batches/20260721_171303_postcopy_wrk3_ae3c82,True,D:\ContainerLiveMigration\tests\testläufe\messungen_daten_v2\runs\batches\20260721_171303_postcopy_wrk3_ae3c82\runs\0019\summary.json,,False,,,1784654470671.0,1784654470671.0,events(offset_corrected),2602.0,700.0,1511.0,1.0,1511.0,1511.0,1511.0,0.0,48.0,50.0,1500.0,,193.0,73.0,31.0,0.0,0.0,0.0,193.0,73.0,193.0,73.0,0.0,0.0,1784654468161.0,1784654469672.0,,366.0,307.0,,306.0,412.0,,,,,1336.0,,,,1325.0,,,789.0,1058.0,40.0,40.0,False,0.0,3.0,200.0,A,False,shared,0.0,1.0,3.0,200.0,10000.0,2.0,1.0,0.0,400.0,12.87,13.696,6.28,6.761,9.94,12.254,26.0,,0.0,0.0,0.0,,0.0,,0.0,0.0,,0.0,,0,True,-6.589999999999999,-6.935,1511.0,1511.0
D:\ContainerLiveMigration\tests\testläufe\messungen_daten_v2\runs\batches\20260721_171303_postcopy_wrk3_ae3c82\runs\0020,0020,20,20260721_172121_postcopy_20_e292bc,postcopy,wrk3,ok,2026-07-21T17:21:21Z,2026-07-21T17:21:46Z,,True,True,False,20260721_171303_postcopy_wrk3_ae3c82,/mnt/criu/runs/batches/20260721_171303_postcopy_wrk3_ae3c82,True,D:\ContainerLiveMigration\tests\testläufe\messungen_daten_v2\runs\batches\20260721_171303_postcopy_wrk3_ae3c82\runs\0020\summary.json,,False,,,1784654497157.0,1784654497157.0,events(offset_corrected),2501.0,650.0,1412.0,1.0,1412.0,1412.0,1412.0,0.0,47.0,50.0,1400.0,,189.0,73.0,29.0,0.0,0.0,0.0,189.0,73.0,189.0,73.0,0.0,0.0,1784654494749.0,1784654496161.0,,362.0,315.0,,307.0,452.0,,,,,1335.0,,,,1319.0,,,784.0,1064.0,40.0,40.0,False,0.0,3.0,200.0,A,False,shared,0.0,1.0,3.0,200.0,10000.0,2.0,1.0,0.0,400.0,13.24,14.934,9.2,9.089,11.85,13.755,26.0,,0.0,0.0,0.0,,0.0,,0.0,0.0,,0.0,,0,True,-4.040000000000001,-5.844999999999999,1412.0,1412.0
D:\ContainerLiveMigration\tests\testläufe\messungen_daten_v2\runs\batches\20260721_171303_postcopy_wrk3_ae3c82\runs\0021,0021,21,20260721_172147_postcopy_21_20c41a,postcopy,wrk3,ok,2026-07-21T17:21:47Z,2026-07-21T17:22:12Z,,True,True,False,20260721_171303_postcopy_wrk3_ae3c82,/mnt/criu/runs/batches/20260721_171303_postcopy_wrk3_ae3c82,True,D:\ContainerLiveMigration\tests\testläufe\messungen_daten_v2\runs\batches\20260721_171303_postcopy_wrk3_ae3c82\runs\0021\summary.json,,False,,,1784654523185.0,1784654523185.0,events(offset_corrected),2646.0,700.0,1511.0,1.0,1511.0,1511.0,1511.0,0.0,51.0,50.0,1500.0,,190.0,73.0,31.0,0.0,0.0,0.0,190.0,73.0,190.0,73.0,0.0,0.0,1784654520664.0,1784654522175.0,,351.0,324.0,,309.0,436.0,,,,,1352.0,,,,1337.0,,,767.0,1047.0,40.0,40.0,False,0.0,3.0,200.0,A,False,shared,0.0,1.0,3.0,200.0,10000.0,2.0,1.0,0.0,400.0,15.54,15.526,7.84,7.848,10.695,13.338,26.0,,0.0,0.0,0.0,,0.0,,0.0,0.0,,0.0,,0,True,-7.699999999999999,-7.678,1511.0,1511.0
D:\ContainerLiveMigration\tests\testläufe\messungen_daten_v2\runs\batches\20260721_171303_postcopy_wrk3_ae3c82\runs\0022,0022,22,20260721_172213_postcopy_22_612d00,postcopy,wrk3,ok,2026-07-21T17:22:13Z,2026-07-21T17:22:38Z,,True,True,False,20260721_171303_postcopy_wrk3_ae3c82,/mnt/criu/runs/batches/20260721_171303_postcopy_wrk3_ae3c82,True,D:\ContainerLiveMigration\tests\testläufe\messungen_daten_v2\runs\batches\20260721_171303_postcopy_wrk3_ae3c82\runs\0022\summary.json,,False,,,1784654549409.0,1784654549409.0,events(offset_corrected),2496.0,700.0,1362.0,1.0,1362.0,1362.0,1362.0,0.0,50.0,50.0,1350.0,,197.0,72.0,28.0,0.0,0.0,0.0,197.0,72.0,197.0,72.0,0.0,0.0,1784654547021.0,1784654548383.0,,375.0,319.0,,307.0,429.0,,,,,1318.0,,,,1301.0,,,785.0,1049.0,40.0,40.0,False,0.0,3.0,200.0,A,False,shared,0.0,1.0,3.0,200.0,10000.0,2.0,1.0,0.0,400.0,14.88,15.181,8.775,8.631,11.55,13.966,26.0,,0.0,0.0,0.0,,0.0,,0.0,0.0,,0.0,,0,True,-6.105,-6.549999999999999,1362.0,1362.0
D:\ContainerLiveMigration\tests\testläufe\messungen_daten_v2\runs\batches\20260721_171303_postcopy_wrk3_ae3c82\runs\0023,0023,23,20260721_172239_postcopy_23_614d95,postcopy,wrk3,ok,2026-07-21T17:22:39Z,2026-07-21T17:23:04Z,,True,True,False,20260721_171303_postcopy_wrk3_ae3c82,/mnt/criu/runs/batches/20260721_171303_postcopy_wrk3_ae3c82,True,D:\ContainerLiveMigration\tests\testläufe\messungen_daten_v2\runs\batches\20260721_171303_postcopy_wrk3_ae3c82\runs\0023\summary.json,,False,,,1784654575146.0,1784654575146.0,events(offset_corrected),2549.0,700.0,1461.0,1.0,1461.0,1461.0,1461.0,0.0,50.0,50.0,1450.0,,189.0,74.0,30.0,0.0,0.0,0.0,189.0,73.0,189.0,73.0,0.0,0.0,1784654572687.0,1784654574148.0,,358.0,325.0,,300.0,407.0,,,,,1316.0,,,,1302.0,,,784.0,1064.0,40.0,40.0,False,0.0,3.0,200.0,A,False,shared,0.0,1.0,3.0,200.0,10000.0,2.0,1.0,0.0,400.0,15.67,16.136,9.04,8.793,11.64,14.274,26.0,,0.0,0.0,0.0,,0.0,,0.0,0.0,,0.0,,0,True,-6.630000000000001,-7.343,1461.0,1461.0
D:\ContainerLiveMigration\tests\testläufe\messungen_daten_v2\runs\batches\20260721_171303_postcopy_wrk3_ae3c82\runs\0024,0024,24,20260721_172305_postcopy_24_2f7dac,postcopy,wrk3,ok,2026-07-21T17:23:05Z,2026-07-21T17:23:30Z,,True,True,False,20260721_171303_postcopy_wrk3_ae3c82,/mnt/criu/runs/batches/20260721_171303_postcopy_wrk3_ae3c82,True,D:\ContainerLiveMigration\tests\testläufe\messungen_daten_v2\runs\batches\20260721_171303_postcopy_wrk3_ae3c82\runs\0024\summary.json,,False,,,1784654601127.0,1784654601127.0,events(offset_corrected),2606.0,650.0,1461.0,1.0,1461.0,1461.0,1461.0,0.0,54.0,50.0,1450.0,,190.0,73.0,31.0,0.0,0.0,0.0,189.0,73.0,189.0,73.0,0.0,0.0,1784654598647.0,1784654600108.0,,365.0,316.0,,307.0,423.0,,,,,1336.0,,,,1321.0,,,770.0,1063.0,40.0,40.0,False,0.0,3.0,200.0,A,False,shared,0.0,1.0,3.0,200.0,10000.0,2.0,1.0,0.0,400.0,16.36,16.249,9.265,8.986,12.225,14.547,26.0,,0.0,0.0,0.0,,0.0,,0.0,0.0,,0.0,,0,True,-7.094999999999999,-7.262999999999998,1461.0,1461.0
D:\ContainerLiveMigration\tests\testläufe\messungen_daten_v2\runs\batches\20260721_171303_postcopy_wrk3_ae3c82\runs\0025,0025,25,20260721_172331_postcopy_25_56a191,postcopy,wrk3,ok,2026-07-21T17:23:31Z,2026-07-21T17:23:57Z,,True,True,False,20260721_171303_postcopy_wrk3_ae3c82,/mnt/criu/runs/batches/20260721_171303_postcopy_wrk3_ae3c82,True,D:\ContainerLiveMigration\tests\testläufe\messungen_daten_v2\runs\batches\20260721_171303_postcopy_wrk3_ae3c82\runs\0025\summary.json,,False,,,1784654627938.0,1784654627938.0,events(offset_corrected),2701.0,700.0,1511.0,1.0,1511.0,1511.0,1511.0,0.0,44.0,50.0,1500.0,,196.0,74.0,32.0,0.0,0.0,0.0,196.0,74.0,196.0,74.0,0.0,0.0,1784654625319.0,1784654626830.0,,371.0,326.0,,314.0,431.0,,,,,1420.0,,,,1402.0,,,789.0,1076.0,40.0,40.0,False,0.0,3.0,200.0,A,False,shared,0.0,1.0,3.0,200.0,10000.0,2.0,1.0,0.0,400.0,12.84,15.547,8.22,8.005,10.92,13.376,26.0,,0.0,0.0,0.0,,0.0,,0.0,0.0,,0.0,,0,True,-4.619999999999999,-7.542,1511.0,1511.0
D:\ContainerLiveMigration\tests\testläufe\messungen_daten_v2\runs\batches\20260721_171303_postcopy_wrk3_ae3c82\runs\0026,0026,26,20260721_172357_postcopy_26_ade756,postcopy,wrk3,ok,2026-07-21T17:23:57Z,2026-07-21T17:24:22Z,,True,True,False,20260721_171303_postcopy_wrk3_ae3c82,/mnt/criu/runs/batches/20260721_171303_postcopy_wrk3_ae3c82,True,D:\ContainerLiveMigration\tests\testläufe\messungen_daten_v2\runs\batches\20260721_171303_postcopy_wrk3_ae3c82\runs\0026\summary.json,,False,,,1784654653688.0,1784654653688.0,events(offset_corrected),2598.0,650.0,1462.0,1.0,1462.0,1462.0,1462.0,0.0,49.0,50.0,1450.0,,189.0,73.0,31.0,0.0,0.0,0.0,188.0,74.0,188.0,74.0,0.0,0.0,1784654651213.0,1784654652675.0,,336.0,331.0,,306.0,420.0,,,,,1336.0,,,,1319.0,,,802.0,1077.0,40.0,40.0,False,0.0,3.0,200.0,A,False,shared,0.0,1.0,3.0,200.0,10000.0,2.0,1.0,0.0,400.0,15.94,15.562,8.37,8.594,11.28,13.912,26.0,,0.0,0.0,0.0,,0.0,,0.0,0.0,,0.0,,0,True,-7.57,-6.968,1462.0,1462.0
D:\ContainerLiveMigration\tests\testläufe\messungen_daten_v2\runs\batches\20260721_171303_postcopy_wrk3_ae3c82\runs\0027,0027,27,20260721_172423_postcopy_27_4d5b9f,postcopy,wrk3,ok,2026-07-21T17:24:23Z,2026-07-21T17:24:49Z,,True,True,False,20260721_171303_postcopy_wrk3_ae3c82,/mnt/criu/runs/batches/20260721_171303_postcopy_wrk3_ae3c82,True,D:\ContainerLiveMigration\tests\testläufe\messungen_daten_v2\runs\batches\20260721_171303_postcopy_wrk3_ae3c82\runs\0027\summary.json,,False,,,1784654680295.0,1784654680295.0,events(offset_corrected),2554.0,701.0,1416.0,2.0,2916.0,1361.0,1361.0,0.0,52.0,50.0,1350.0,,200.0,73.0,29.0,1.0,0.0,0.0,200.0,73.0,200.0,73.0,0.0,0.0,1784654677849.0,1784654679210.0,,381.0,325.0,,302.0,456.0,,,,,1326.0,,,,1311.0,,,787.0,1068.0,40.0,40.0,False,0.0,3.0,200.0,A,False,shared,0.0,1.0,3.0,200.0,10000.0,2.0,1.0,0.0,400.0,14.735,15.078,8.435,7.922,11.32,13.199,27.0,,0.0,0.0,0.0,,0.0,,0.0,0.0,,0.0,,0,True,-6.299999999999999,-7.156,1416.0,1361.0
D:\ContainerLiveMigration\tests\testläufe\messungen_daten_v2\runs\batches\20260721_171303_postcopy_wrk3_ae3c82\runs\0028,0028,28,20260721_172450_postcopy_28_689b07,postcopy,wrk3,ok,2026-07-21T17:24:50Z,2026-07-21T17:25:15Z,,True,True,False,20260721_171303_postcopy_wrk3_ae3c82,/mnt/criu/runs/batches/20260721_171303_postcopy_wrk3_ae3c82,True,D:\ContainerLiveMigration\tests\testläufe\messungen_daten_v2\runs\batches\20260721_171303_postcopy_wrk3_ae3c82\runs\0028\summary.json,,False,,,1784654706419.0,1784654706419.0,events(offset_corrected),2549.0,750.0,1461.0,1.0,1461.0,1461.0,1461.0,0.0,43.0,50.0,1450.0,,192.0,73.0,30.0,0.0,0.0,0.0,192.0,72.0,192.0,72.0,0.0,0.0,1784654703937.0,1784654705398.0,,370.0,318.0,,315.0,447.0,,,,,1357.0,,,,1342.0,,,770.0,1046.0,40.0,40.0,False,0.0,3.0,200.0,A,False,shared,0.0,1.0,3.0,200.0,10000.0,2.0,1.0,0.0,400.0,12.35,13.779,8.12,8.065,10.65,12.797,26.0,,0.0,0.0,0.0,,0.0,,0.0,0.0,,0.0,,0,True,-4.23,-5.714,1461.0,1461.0
D:\ContainerLiveMigration\tests\testläufe\messungen_daten_v2\runs\batches\20260721_171303_postcopy_wrk3_ae3c82\runs\0029,0029,29,20260721_172516_postcopy_29_7740ae,postcopy,wrk3,ok,2026-07-21T17:25:16Z,2026-07-21T17:25:41Z,,True,True,False,20260721_171303_postcopy_wrk3_ae3c82,/mnt/criu/runs/batches/20260721_171303_postcopy_wrk3_ae3c82,True,D:\ContainerLiveMigration\tests\testläufe\messungen_daten_v2\runs\batches\20260721_171303_postcopy_wrk3_ae3c82\runs\0029\summary.json,,False,,,1784654732375.0,1784654732375.0,events(offset_corrected),2554.0,700.0,1412.0,1.0,1412.0,1412.0,1412.0,0.0,49.0,50.0,1400.0,,190.0,73.0,29.0,0.0,0.0,0.0,190.0,72.0,190.0,72.0,0.0,0.0,1784654729941.0,1784654731353.0,,358.0,319.0,,297.0,436.0,,,,,1368.0,,,,1352.0,,,788.0,1069.0,40.0,40.0,False,0.0,3.0,200.0,A,False,shared,0.0,1.0,3.0,200.0,10000.0,2.0,1.0,0.0,400.0,14.765,15.479,8.945,9.106,11.315,13.967,26.0,,0.0,0.0,0.0,,0.0,,0.0,0.0,,0.0,,0,True,-5.82,-6.372999999999999,1412.0,1412.0
D:\ContainerLiveMigration\tests\testläufe\messungen_daten_v2\runs\batches\20260721_171303_postcopy_wrk3_ae3c82\runs\0030,0030,30,20260721_172542_postcopy_30_0f1b31,postcopy,wrk3,ok,2026-07-21T17:25:42Z,2026-07-21T17:26:08Z,,True,True,False,20260721_171303_postcopy_wrk3_ae3c82,/mnt/criu/runs/batches/20260721_171303_postcopy_wrk3_ae3c82,True,D:\ContainerLiveMigration\tests\testläufe\messungen_daten_v2\runs\batches\20260721_171303_postcopy_wrk3_ae3c82\runs\0030\summary.json,,False,,,1784654758825.0,1784654758825.0,events(offset_corrected),2554.0,700.0,1411.0,1.0,1411.0,1411.0,1411.0,0.0,59.0,50.0,1399.0,,190.0,73.0,29.0,0.0,0.0,0.0,190.0,73.0,190.0,73.0,0.0,0.0,1784654756389.0,1784654757800.0,,367.0,321.0,,308.0,466.0,,,,,1351.0,,,,1334.0,,,779.0,1055.0,40.0,40.0,False,0.0,3.0,200.0,A,False,shared,0.0,1.0,3.0,200.0,10000.0,2.0,1.0,0.0,400.0,14.05,15.554,8.54,8.615,11.22,13.556,26.0,,0.0,0.0,0.0,,0.0,,0.0,0.0,,0.0,,0,True,-5.510000000000002,-6.939,1411.0,1411.0
D:\ContainerLiveMigration\tests\testläufe\messungen_daten_v2\runs\batches\20260721_171303_postcopy_wrk3_ae3c82\runs\0031,0031,31,20260721_172608_postcopy_31_d83472,postcopy,wrk3,ok,2026-07-21T17:26:08Z,2026-07-21T17:26:34Z,,True,True,False,20260721_171303_postcopy_wrk3_ae3c82,/mnt/criu/runs/batches/20260721_171303_postcopy_wrk3_ae3c82,True,D:\ContainerLiveMigration\tests\testläufe\messungen_daten_v2\runs\batches\20260721_171303_postcopy_wrk3_ae3c82\runs\0031\summary.json,,False,,,1784654784779.0,1784654784779.0,events(offset_corrected),2496.0,651.0,1405.0,2.0,2810.0,1352.0,1352.0,0.0,53.0,50.0,1340.0,,190.0,73.0,29.0,1.0,0.0,0.0,189.0,73.0,189.0,73.0,0.0,0.0,1784654782421.0,1784654783773.0,,335.0,318.0,,314.0,421.0,,,,,1324.0,,,,1309.0,,,769.0,1028.0,40.0,40.0,False,0.0,3.0,200.0,A,False,shared,0.0,1.0,3.0,200.0,10000.0,2.0,1.0,0.0,400.0,15.265,15.719,6.78,7.15,10.76,13.491,26.0,,0.0,0.0,0.0,,0.0,,0.0,0.0,,0.0,,0,True,-8.485,-8.568999999999999,1405.0,1352.0
D:\ContainerLiveMigration\tests\testläufe\messungen_daten_v2\runs\batches\20260721_171303_postcopy_wrk3_ae3c82\runs\0032,0032,32,20260721_172634_postcopy_32_358cba,postcopy,wrk3,ok,2026-07-21T17:26:34Z,2026-07-21T17:27:00Z,,True,True,False,20260721_171303_postcopy_wrk3_ae3c82,/mnt/criu/runs/batches/20260721_171303_postcopy_wrk3_ae3c82,True,D:\ContainerLiveMigration\tests\testläufe\messungen_daten_v2\runs\batches\20260721_171303_postcopy_wrk3_ae3c82\runs\0032\summary.json,,False,,,1784654811315.0,1784654811315.0,events(offset_corrected),2551.0,700.0,1411.0,1.0,1411.0,1411.0,1411.0,0.0,52.0,50.0,1400.0,,200.0,74.0,29.0,0.0,0.0,0.0,200.0,73.0,200.0,73.0,0.0,0.0,1784654808869.0,1784654810280.0,,360.0,321.0,,299.0,433.0,,,,,1386.0,,,,1372.0,,,777.0,1048.0,40.0,40.0,False,0.0,3.0,200.0,A,False,shared,0.0,1.0,3.0,200.0,10000.0,2.0,1.0,0.0,400.0,14.865,15.467,9.53,9.064,11.28,13.985,27.0,,0.0,0.0,0.0,,0.0,,0.0,0.0,,0.0,,0,True,-5.335000000000001,-6.4030000000000005,1411.0,1411.0
D:\ContainerLiveMigration\tests\testläufe\messungen_daten_v2\runs\batches\20260721_171303_postcopy_wrk3_ae3c82\runs\0033,0033,33,20260721_172701_postcopy_33_0c2658,postcopy,wrk3,ok,2026-07-21T17:27:01Z,2026-07-21T17:27:26Z,,True,True,False,20260721_171303_postcopy_wrk3_ae3c82,/mnt/criu/runs/batches/20260721_171303_postcopy_wrk3_ae3c82,True,D:\ContainerLiveMigration\tests\testläufe\messungen_daten_v2\runs\batches\20260721_171303_postcopy_wrk3_ae3c82\runs\0033\summary.json,,False,,,1784654837021.0,1784654837021.0,events(offset_corrected),2502.0,650.0,1361.0,1.0,1361.0,1361.0,1361.0,0.0,52.0,50.0,1350.0,,187.0,73.0,29.0,0.0,0.0,0.0,186.0,74.0,186.0,74.0,0.0,0.0,1784654834646.0,1784654836007.0,,355.0,313.0,,304.0,440.0,,,,,1332.0,,,,1316.0,,,793.0,1077.0,40.0,40.0,False,0.0,3.0,200.0,A,False,shared,0.0,1.0,3.0,200.0,10000.0,2.0,1.0,0.0,400.0,13.47,14.649,9.25,9.214,11.64,13.368,25.0,,0.0,0.0,0.0,,0.0,,0.0,0.0,,0.0,,0,True,-4.220000000000001,-5.434999999999999,1361.0,1361.0
D:\ContainerLiveMigration\tests\testläufe\messungen_daten_v2\runs\batches\20260721_171303_postcopy_wrk3_ae3c82\runs\0034,0034,34,20260721_172726_postcopy_34_f2d5f8,postcopy,wrk3,ok,2026-07-21T17:27:26Z,2026-07-21T17:27:52Z,,True,True,False,20260721_171303_postcopy_wrk3_ae3c82,/mnt/criu/runs/batches/20260721_171303_postcopy_wrk3_ae3c82,True,D:\ContainerLiveMigration\tests\testläufe\messungen_daten_v2\runs\batches\20260721_171303_postcopy_wrk3_ae3c82\runs\0034\summary.json,,False,,,1784654863040.0,1784654863040.0,events(offset_corrected),2603.0,650.0,1561.0,1.0,1561.0,1561.0,1561.0,0.0,47.0,50.0,1550.0,,193.0,74.0,32.0,0.0,0.0,0.0,193.0,73.0,193.0,73.0,0.0,0.0,1784654860475.0,1784654862036.0,,360.0,334.0,,311.0,451.0,,,,,1343.0,,,,1329.0,,,786.0,1070.0,40.0,40.0,False,0.0,3.0,200.0,A,False,shared,0.0,1.0,3.0,200.0,10000.0,2.0,1.0,0.0,400.0,16.87,16.554,8.7,8.322,11.16,13.989,26.0,,0.0,0.0,0.0,,0.0,,0.0,0.0,,0.0,,0,True,-8.170000000000002,-8.232,1561.0,1561.0
D:\ContainerLiveMigration\tests\testläufe\messungen_daten_v2\runs\batches\20260721_171303_postcopy_wrk3_ae3c82\runs\0035,0035,35,20260721_172753_postcopy_35_931a97,postcopy,wrk3,ok,2026-07-21T17:27:53Z,2026-07-21T17:28:18Z,,True,True,False,20260721_171303_postcopy_wrk3_ae3c82,/mnt/criu/runs/batches/20260721_171303_postcopy_wrk3_ae3c82,True,D:\ContainerLiveMigration\tests\testläufe\messungen_daten_v2\runs\batches\20260721_171303_postcopy_wrk3_ae3c82\runs\0035\summary.json,,False,,,1784654889557.0,1784654889557.0,events(offset_corrected),2606.0,701.0,1512.0,1.0,1512.0,1512.0,1512.0,60.0,53.0,50.0,1500.0,50.0,190.0,74.0,33.0,0.0,0.0,0.0,190.0,73.0,186.0,73.0,4.0,0.0,1784654887059.0,1784654888571.0,,350.0,319.0,,307.0,430.0,,,,,1335.0,,,,1319.0,,,782.0,1073.0,40.0,40.0,False,0.0,3.0,200.0,A,False,shared,0.0,1.0,3.0,200.0,10000.0,2.0,1.0,0.0,400.0,13.16,14.878,8.5,8.667,11.45,13.535,26.0,,0.0,0.0,0.0,,0.0,,0.0,0.0,,0.0,,0,False,-4.66,-6.211,1452.0,1452.0
D:\ContainerLiveMigration\tests\testläufe\messungen_daten_v2\runs\batches\20260721_171303_postcopy_wrk3_ae3c82\runs\0036,0036,36,20260721_172819_postcopy_36_32421c,postcopy,wrk3,ok,2026-07-21T17:28:19Z,2026-07-21T17:28:44Z,,True,True,False,20260721_171303_postcopy_wrk3_ae3c82,/mnt/criu/runs/batches/20260721_171303_postcopy_wrk3_ae3c82,True,D:\ContainerLiveMigration\tests\testläufe\messungen_daten_v2\runs\batches\20260721_171303_postcopy_wrk3_ae3c82\runs\0036\summary.json,,False,,,1784654915465.0,1784654915465.0,events(offset_corrected),2452.0,650.0,1311.0,1.0,1311.0,1311.0,1311.0,0.0,52.0,50.0,1301.0,,188.0,73.0,27.0,0.0,0.0,0.0,187.0,74.0,187.0,74.0,0.0,0.0,1784654913140.0,1784654914451.0,,355.0,319.0,,299.0,410.0,,,,,1316.0,,,,1299.0,,,802.0,1087.0,40.0,40.0,False,0.0,3.0,200.0,A,False,shared,0.0,1.0,3.0,200.0,10000.0,2.0,1.0,0.0,400.0,12.445,13.335,10.25,9.404,11.01,12.541,26.0,,0.0,0.0,0.0,,0.0,,0.0,0.0,,0.0,,0,True,-2.1950000000000003,-3.931000000000001,1311.0,1311.0
D:\ContainerLiveMigration\tests\testläufe\messungen_daten_v2\runs\batches\20260721_171303_postcopy_wrk3_ae3c82\runs\0037,0037,37,20260721_172845_postcopy_37_97dd8e,postcopy,wrk3,ok,2026-07-21T17:28:45Z,2026-07-21T17:29:11Z,,True,True,False,20260721_171303_postcopy_wrk3_ae3c82,/mnt/criu/runs/batches/20260721_171303_postcopy_wrk3_ae3c82,True,D:\ContainerLiveMigration\tests\testläufe\messungen_daten_v2\runs\batches\20260721_171303_postcopy_wrk3_ae3c82\runs\0037\summary.json,,False,,,1784654942098.0,1784654942098.0,events(offset_corrected),2652.0,701.0,1511.0,1.0,1511.0,1511.0,1511.0,0.0,45.0,50.0,1500.0,,200.0,73.0,31.0,0.0,0.0,0.0,200.0,73.0,200.0,73.0,0.0,0.0,1784654939538.0,1784654941049.0,,342.0,310.0,,300.0,431.0,,,,,1415.0,,,,1402.0,,,784.0,1056.0,40.0,40.0,False,0.0,3.0,200.0,A,False,shared,0.0,1.0,3.0,200.0,10000.0,2.0,1.0,0.0,400.0,15.02,16.16,9.35,9.004,11.875,14.309,27.0,,0.0,0.0,0.0,,0.0,,0.0,0.0,,0.0,,0,True,-5.67,-7.156000000000001,1511.0,1511.0
D:\ContainerLiveMigration\tests\testläufe\messungen_daten_v2\runs\batches\20260721_171303_postcopy_wrk3_ae3c82\runs\0038,0038,38,20260721_172912_postcopy_38_bbe599,postcopy,wrk3,ok,2026-07-21T17:29:12Z,2026-07-21T17:29:37Z,,True,True,False,20260721_171303_postcopy_wrk3_ae3c82,/mnt/criu/runs/batches/20260721_171303_postcopy_wrk3_ae3c82,True,D:\ContainerLiveMigration\tests\testläufe\messungen_daten_v2\runs\batches\20260721_171303_postcopy_wrk3_ae3c82\runs\0038\summary.json,,False,,,1784654968112.0,1784654968112.0,events(offset_corrected),2553.0,700.0,1422.0,2.0,1761.0,1411.0,1411.0,0.0,50.0,50.0,1400.0,,191.0,72.0,31.0,0.0,0.0,0.0,191.0,72.0,191.0,72.0,0.0,0.0,1784654965657.0,1784654967068.0,,354.0,316.0,,310.0,401.0,,,,,1355.0,,,,1342.0,,,765.0,1030.0,40.0,40.0,False,0.0,3.0,200.0,A,False,shared,0.0,1.0,3.0,200.0,10000.0,2.0,1.0,0.0,400.0,12.585,14.389,8.23,8.263,10.5,12.81,26.0,,0.0,0.0,0.0,,0.0,,0.0,0.0,,0.0,,0,True,-4.355,-6.1259999999999994,1422.0,1411.0
D:\ContainerLiveMigration\tests\testläufe\messungen_daten_v2\runs\batches\20260721_171303_postcopy_wrk3_ae3c82\runs\0039,0039,39,20260721_172938_postcopy_39_69e29a,postcopy,wrk3,ok,2026-07-21T17:29:38Z,2026-07-21T17:30:03Z,,True,True,False,20260721_171303_postcopy_wrk3_ae3c82,/mnt/criu/runs/batches/20260721_171303_postcopy_wrk3_ae3c82,True,D:\ContainerLiveMigration\tests\testläufe\messungen_daten_v2\runs\batches\20260721_171303_postcopy_wrk3_ae3c82\runs\0039\summary.json,,False,,,1784654994077.0,1784654994077.0,events(offset_corrected),2558.0,651.0,1509.0,2.0,2919.0,1462.0,1462.0,0.0,47.0,50.0,1451.0,,191.0,73.0,30.0,1.0,0.0,0.0,191.0,73.0,191.0,73.0,0.0,0.0,1784654991623.0,1784654993085.0,,366.0,329.0,,307.0,424.0,,,,,1314.0,,,,1300.0,,,789.0,1069.0,40.0,40.0,False,0.0,3.0,200.0,A,False,shared,0.0,1.0,3.0,200.0,10000.0,2.0,1.0,0.0,400.0,15.59,14.778,9.22,8.949,11.12,13.45,26.0,,0.0,0.0,0.0,,0.0,,0.0,0.0,,0.0,,0,True,-6.369999999999999,-5.829000000000001,1509.0,1462.0
D:\ContainerLiveMigration\tests\testläufe\messungen_daten_v2\runs\batches\20260721_171303_postcopy_wrk3_ae3c82\runs\0040,0040,40,20260721_173004_postcopy_40_c12ac0,postcopy,wrk3,ok,2026-07-21T17:30:04Z,2026-07-21T17:30:29Z,,True,True,False,20260721_171303_postcopy_wrk3_ae3c82,/mnt/criu/runs/batches/20260721_171303_postcopy_wrk3_ae3c82,True,D:\ContainerLiveMigration\tests\testläufe\messungen_daten_v2\runs\batches\20260721_171303_postcopy_wrk3_ae3c82\runs\0040\summary.json,,False,,,1784655020527.0,1784655020527.0,events(offset_corrected),2454.0,651.0,1361.0,1.0,1361.0,1361.0,1361.0,0.0,47.0,50.0,1350.0,,190.0,73.0,28.0,0.0,0.0,0.0,190.0,73.0,190.0,73.0,0.0,0.0,1784655018164.0,1784655019525.0,,366.0,324.0,,310.0,410.0,,,,,1343.0,,,,1330.0,,,782.0,1053.0,40.0,40.0,False,0.0,3.0,200.0,A,False,shared,0.0,1.0,3.0,200.0,10000.0,2.0,1.0,0.0,400.0,13.755,14.873,9.46,9.293,11.86,13.736,26.0,,0.0,0.0,0.0,,0.0,,0.0,0.0,,0.0,,0,True,-4.295,-5.58,1361.0,1361.0
D:\ContainerLiveMigration\tests\testläufe\messungen_daten_v2\runs\batches\20260721_171303_postcopy_wrk3_ae3c82\runs\0041,0041,41,20260721_173030_postcopy_41_9f0053,postcopy,wrk3,ok,2026-07-21T17:30:30Z,2026-07-21T17:30:55Z,,True,True,False,20260721_171303_postcopy_wrk3_ae3c82,/mnt/criu/runs/batches/20260721_171303_postcopy_wrk3_ae3c82,True,D:\ContainerLiveMigration\tests\testläufe\messungen_daten_v2\runs\batches\20260721_171303_postcopy_wrk3_ae3c82\runs\0041\summary.json,,False,,,1784655046430.0,1784655046430.0,events(offset_corrected),2601.0,700.0,1463.0,1.0,1463.0,1463.0,1463.0,0.0,53.0,50.0,1452.0,,189.0,73.0,32.0,0.0,0.0,0.0,189.0,73.0,189.0,73.0,0.0,0.0,1784655043945.0,1784655045408.0,,353.0,307.0,,310.0,431.0,,,,,1352.0,,,,1337.0,,,797.0,1076.0,40.0,40.0,False,0.0,3.0,200.0,A,False,shared,0.0,1.0,3.0,200.0,10000.0,2.0,1.0,0.0,400.0,14.42,15.645,8.045,8.071,11.695,13.553,26.0,,0.0,0.0,0.0,,0.0,,0.0,0.0,,0.0,,0,True,-6.375,-7.574,1463.0,1463.0
D:\ContainerLiveMigration\tests\testläufe\messungen_daten_v2\runs\batches\20260721_171303_postcopy_wrk3_ae3c82\runs\0042,0042,42,20260721_173056_postcopy_42_7b7eda,postcopy,wrk3,ok,2026-07-21T17:30:56Z,2026-07-21T17:31:22Z,,True,True,False,20260721_171303_postcopy_wrk3_ae3c82,/mnt/criu/runs/batches/20260721_171303_postcopy_wrk3_ae3c82,True,D:\ContainerLiveMigration\tests\testläufe\messungen_daten_v2\runs\batches\20260721_171303_postcopy_wrk3_ae3c82\runs\0042\summary.json,,False,,,1784655073003.0,1784655073003.0,events(offset_corrected),2451.0,700.0,1362.0,1.0,1362.0,1362.0,1362.0,0.0,55.0,51.0,1350.0,,199.0,73.0,28.0,0.0,0.0,0.0,199.0,73.0,199.0,73.0,0.0,0.0,1784655070638.0,1784655072000.0,,356.0,319.0,,297.0,434.0,,,,,1326.0,,,,1311.0,,,781.0,1062.0,40.0,40.0,False,0.0,3.0,200.0,A,False,shared,0.0,1.0,3.0,200.0,10000.0,2.0,1.0,0.0,400.0,12.04,13.295,8.49,8.578,10.83,12.772,27.0,,0.0,0.0,0.0,,0.0,,0.0,0.0,,0.0,,0,True,-3.549999999999999,-4.7170000000000005,1362.0,1362.0
D:\ContainerLiveMigration\tests\testläufe\messungen_daten_v2\runs\batches\20260721_171303_postcopy_wrk3_ae3c82\runs\0043,0043,43,20260721_173122_postcopy_43_514f4a,postcopy,wrk3,ok,2026-07-21T17:31:23Z,2026-07-21T17:31:48Z,,True,True,False,20260721_171303_postcopy_wrk3_ae3c82,/mnt/criu/runs/batches/20260721_171303_postcopy_wrk3_ae3c82,True,D:\ContainerLiveMigration\tests\testläufe\messungen_daten_v2\runs\batches\20260721_171303_postcopy_wrk3_ae3c82\runs\0043\summary.json,,False,,,1784655099043.0,1784655099043.0,events(offset_corrected),2603.0,701.0,1462.0,1.0,1462.0,1462.0,1462.0,0.0,44.0,50.0,1450.0,,192.0,73.0,30.0,0.0,0.0,0.0,192.0,72.0,192.0,72.0,0.0,0.0,1784655096529.0,1784655097991.0,,363.0,311.0,,309.0,434.0,,,,,1377.0,,,,1363.0,,,772.0,1031.0,40.0,40.0,False,0.0,3.0,200.0,A,False,shared,0.0,1.0,3.0,200.0,10000.0,2.0,1.0,0.0,400.0,12.77,14.215,8.85,8.57,11.62,13.942,26.0,,0.0,0.0,0.0,,0.0,,0.0,0.0,,0.0,,0,True,-3.92,-5.645,1462.0,1462.0
D:\ContainerLiveMigration\tests\testläufe\messungen_daten_v2\runs\batches\20260721_171303_postcopy_wrk3_ae3c82\runs\0044,0044,44,20260721_173148_postcopy_44_a6ad95,postcopy,wrk3,ok,2026-07-21T17:31:48Z,2026-07-21T17:32:14Z,,True,True,False,20260721_171303_postcopy_wrk3_ae3c82,/mnt/criu/runs/batches/20260721_171303_postcopy_wrk3_ae3c82,True,D:\ContainerLiveMigration\tests\testläufe\messungen_daten_v2\runs\batches\20260721_171303_postcopy_wrk3_ae3c82\runs\0044\summary.json,,False,,,1784655125066.0,1784655125066.0,events(offset_corrected),2595.0,700.0,1508.0,2.0,2968.0,1461.0,1461.0,0.0,48.0,50.0,1450.0,,193.0,73.0,30.0,1.0,0.0,0.0,193.0,73.0,193.0,73.0,0.0,0.0,1784655122568.0,1784655124029.0,,350.0,316.0,,314.0,417.0,,,,,1351.0,,,,1336.0,,,782.0,1045.0,40.0,40.0,False,0.0,3.0,200.0,A,False,shared,0.0,1.0,3.0,200.0,10000.0,2.0,1.0,0.0,400.0,15.5,16.283,7.99,7.719,10.88,13.932,26.0,,0.0,0.0,0.0,,0.0,,0.0,0.0,,0.0,,0,True,-7.51,-8.564,1508.0,1461.0
D:\ContainerLiveMigration\tests\testläufe\messungen_daten_v2\runs\batches\20260721_171303_postcopy_wrk3_ae3c82\runs\0045,0045,45,20260721_173215_postcopy_45_587e8f,postcopy,wrk3,ok,2026-07-21T17:32:15Z,2026-07-21T17:32:40Z,,True,True,False,20260721_171303_postcopy_wrk3_ae3c82,/mnt/criu/runs/batches/20260721_171303_postcopy_wrk3_ae3c82,True,D:\ContainerLiveMigration\tests\testläufe\messungen_daten_v2\runs\batches\20260721_171303_postcopy_wrk3_ae3c82\runs\0045\summary.json,,False,,,1784655151433.0,1784655151433.0,events(offset_corrected),2599.0,700.0,1461.0,1.0,1461.0,1461.0,1461.0,0.0,48.0,50.0,1450.0,,190.0,72.0,30.0,0.0,0.0,0.0,190.0,72.0,190.0,72.0,0.0,0.0,1784655148944.0,1784655150405.0,,364.0,326.0,,302.0,429.0,,,,,1341.0,,,,1327.0,,,785.0,1051.0,40.0,40.0,False,0.0,3.0,200.0,A,False,shared,0.0,1.0,3.0,200.0,10000.0,2.0,1.0,0.0,400.0,13.77,14.655,7.835,7.808,10.82,13.143,26.0,,0.0,0.0,0.0,,0.0,,0.0,0.0,,0.0,,0,True,-5.935,-6.8469999999999995,1461.0,1461.0
D:\ContainerLiveMigration\tests\testläufe\messungen_daten_v2\runs\batches\20260721_171303_postcopy_wrk3_ae3c82\runs\0046,0046,46,20260721_173241_postcopy_46_f79c55,postcopy,wrk3,ok,2026-07-21T17:32:41Z,2026-07-21T17:33:06Z,,True,True,False,20260721_171303_postcopy_wrk3_ae3c82,/mnt/criu/runs/batches/20260721_171303_postcopy_wrk3_ae3c82,True,D:\ContainerLiveMigration\tests\testläufe\messungen_daten_v2\runs\batches\20260721_171303_postcopy_wrk3_ae3c82\runs\0046\summary.json,,False,,,1784655177537.0,1784655177537.0,events(offset_corrected),2654.0,700.0,1512.0,1.0,1512.0,1512.0,1512.0,0.0,55.0,50.0,1500.0,,193.0,73.0,31.0,0.0,0.0,0.0,193.0,73.0,193.0,73.0,0.0,0.0,1784655174999.0,1784655176511.0,,356.0,324.0,,299.0,425.0,,,,,1374.0,,,,1358.0,,,789.0,1069.0,40.0,40.0,False,0.0,3.0,200.0,A,False,shared,0.0,1.0,3.0,200.0,10000.0,2.0,1.0,0.0,400.0,14.87,15.296,9.07,8.921,11.58,13.985,26.0,,0.0,0.0,0.0,,0.0,,0.0,0.0,,0.0,,0,True,-5.799999999999999,-6.375,1512.0,1512.0
D:\ContainerLiveMigration\tests\testläufe\messungen_daten_v2\runs\batches\20260721_171303_postcopy_wrk3_ae3c82\runs\0047,0047,47,20260721_173307_postcopy_47_ed2884,postcopy,wrk3,ok,2026-07-21T17:33:07Z,2026-07-21T17:33:33Z,,True,True,False,20260721_171303_postcopy_wrk3_ae3c82,/mnt/criu/runs/batches/20260721_171303_postcopy_wrk3_ae3c82,True,D:\ContainerLiveMigration\tests\testläufe\messungen_daten_v2\runs\batches\20260721_171303_postcopy_wrk3_ae3c82\runs\0047\summary.json,,False,,,1784655204004.0,1784655204004.0,events(offset_corrected),2507.0,650.0,1362.0,1.0,1362.0,1362.0,1362.0,0.0,50.0,50.0,1350.0,,196.0,73.0,28.0,0.0,0.0,0.0,195.0,74.0,195.0,74.0,0.0,0.0,1784655201625.0,1784655202987.0,,359.0,318.0,,306.0,439.0,,,,,1333.0,,,,1321.0,,,799.0,1073.0,40.0,40.0,False,0.0,3.0,200.0,A,False,shared,0.0,1.0,3.0,200.0,10000.0,2.0,1.0,0.0,400.0,15.08,15.062,8.52,8.723,11.68,13.849,26.0,,0.0,0.0,0.0,,0.0,,0.0,0.0,,0.0,,0,True,-6.5600000000000005,-6.338999999999999,1362.0,1362.0
D:\ContainerLiveMigration\tests\testläufe\messungen_daten_v2\runs\batches\20260721_171303_postcopy_wrk3_ae3c82\runs\0048,0048,48,20260721_173333_postcopy_48_176917,postcopy,wrk3,ok,2026-07-21T17:33:33Z,2026-07-21T17:33:59Z,,True,True,False,20260721_171303_postcopy_wrk3_ae3c82,/mnt/criu/runs/batches/20260721_171303_postcopy_wrk3_ae3c82,True,D:\ContainerLiveMigration\tests\testläufe\messungen_daten_v2\runs\batches\20260721_171303_postcopy_wrk3_ae3c82\runs\0048\summary.json,,False,,,1784655229880.0,1784655229880.0,events(offset_corrected),2498.0,701.0,1361.0,1.0,1361.0,1361.0,1361.0,0.0,50.0,50.0,1350.0,,190.0,73.0,29.0,0.0,0.0,0.0,190.0,73.0,190.0,73.0,0.0,0.0,1784655227488.0,1784655228849.0,,350.0,310.0,,303.0,409.0,,,,,1348.0,,,,1333.0,,,782.0,1055.0,40.0,40.0,False,0.0,3.0,200.0,A,False,shared,0.0,1.0,3.0,200.0,10000.0,2.0,1.0,0.0,400.0,15.27,16.22,6.78,6.909,10.135,12.777,26.0,,0.0,0.0,0.0,,0.0,,0.0,0.0,,0.0,,0,True,-8.489999999999998,-9.311,1361.0,1361.0
D:\ContainerLiveMigration\tests\testläufe\messungen_daten_v2\runs\batches\20260721_171303_postcopy_wrk3_ae3c82\runs\0049,0049,49,20260721_173359_postcopy_49_b00a51,postcopy,wrk3,ok,2026-07-21T17:33:59Z,2026-07-21T17:34:25Z,,True,True,False,20260721_171303_postcopy_wrk3_ae3c82,/mnt/criu/runs/batches/20260721_171303_postcopy_wrk3_ae3c82,True,D:\ContainerLiveMigration\tests\testläufe\messungen_daten_v2\runs\batches\20260721_171303_postcopy_wrk3_ae3c82\runs\0049\summary.json,,False,,,1784655255999.0,1784655255999.0,events(offset_corrected),2555.0,701.0,1412.0,1.0,1412.0,1412.0,1412.0,0.0,51.0,50.0,1400.0,,192.0,73.0,30.0,0.0,0.0,0.0,192.0,73.0,192.0,73.0,0.0,0.0,1784655253534.0,1784655254946.0,,365.0,317.0,,314.0,452.0,,,,,1379.0,,,,1362.0,,,779.0,1047.0,40.0,40.0,False,0.0,3.0,200.0,A,False,shared,0.0,1.0,3.0,200.0,10000.0,2.0,1.0,0.0,400.0,13.13,13.969,7.07,7.074,10.47,12.628,26.0,,0.0,0.0,0.0,,0.0,,0.0,0.0,,0.0,,0,True,-6.0600000000000005,-6.895,1412.0,1412.0
D:\ContainerLiveMigration\tests\testläufe\messungen_daten_v2\runs\batches\20260721_171303_postcopy_wrk3_ae3c82\runs\0050,0050,50,20260721_173426_postcopy_50_521af0,postcopy,wrk3,ok,2026-07-21T17:34:26Z,2026-07-21T17:34:51Z,,True,True,False,20260721_171303_postcopy_wrk3_ae3c82,/mnt/criu/runs/batches/20260721_171303_postcopy_wrk3_ae3c82,True,D:\ContainerLiveMigration\tests\testläufe\messungen_daten_v2\runs\batches\20260721_171303_postcopy_wrk3_ae3c82\runs\0050\summary.json,,False,,,1784655282299.0,1784655282299.0,events(offset_corrected),2548.0,700.0,1412.0,1.0,1412.0,1412.0,1412.0,0.0,55.0,50.0,1400.0,,188.0,72.0,30.0,0.0,0.0,0.0,188.0,72.0,188.0,72.0,0.0,0.0,1784655279867.0,1784655281279.0,,353.0,323.0,,325.0,423.0,,,,,1357.0,,,,1340.0,,,765.0,1049.0,40.0,40.0,False,0.0,3.0,200.0,A,False,shared,0.0,1.0,3.0,200.0,10000.0,2.0,1.0,0.0,400.0,13.75,14.93,7.82,7.795,10.7,12.762,25.0,,0.0,0.0,0.0,,0.0,,0.0,0.0,,0.0,,0,True,-5.93,-7.135,1412.0,1412.0
D:\ContainerLiveMigration\tests\testläufe\messungen_daten_v2\runs\batches\20260721_171303_postcopy_wrk3_ae3c82\runs\0051,0051,51,20260721_173452_postcopy_51_a6401a,postcopy,wrk3,ok,2026-07-21T17:34:52Z,2026-07-21T17:35:17Z,,True,True,False,20260721_171303_postcopy_wrk3_ae3c82,/mnt/criu/runs/batches/20260721_171303_postcopy_wrk3_ae3c82,True,D:\ContainerLiveMigration\tests\testläufe\messungen_daten_v2\runs\batches\20260721_171303_postcopy_wrk3_ae3c82\runs\0051\summary.json,,False,,,1784655308303.0,1784655308303.0,events(offset_corrected),2707.0,701.0,1511.0,1.0,1511.0,1511.0,1511.0,0.0,58.0,50.0,1500.0,,192.0,73.0,31.0,0.0,0.0,0.0,192.0,73.0,192.0,73.0,0.0,0.0,1784655305717.0,1784655307228.0,,381.0,340.0,,318.0,479.0,,,,,1329.0,,,,1316.0,,,788.0,1074.0,40.0,40.0,False,0.0,3.0,200.0,A,False,shared,0.0,1.0,3.0,200.0,10000.0,2.0,1.0,0.0,400.0,15.25,15.336,9.655,9.04,12.09,14.207,26.0,,0.0,0.0,0.0,,0.0,,0.0,0.0,,0.0,,0,True,-5.595000000000001,-6.296000000000001,1511.0,1511.0
D:\ContainerLiveMigration\tests\testläufe\messungen_daten_v2\runs\batches\20260721_171303_postcopy_wrk3_ae3c82\runs\0052,0052,52,20260721_173518_postcopy_52_ef1199,postcopy,wrk3,ok,2026-07-21T17:35:18Z,2026-07-21T17:35:43Z,,True,True,False,20260721_171303_postcopy_wrk3_ae3c82,/mnt/criu/runs/batches/20260721_171303_postcopy_wrk3_ae3c82,True,D:\ContainerLiveMigration\tests\testläufe\messungen_daten_v2\runs\batches\20260721_171303_postcopy_wrk3_ae3c82\runs\0052\summary.json,,False,,,1784655334715.0,1784655334715.0,events(offset_corrected),2494.0,700.0,1361.0,1.0,1361.0,1361.0,1361.0,0.0,54.0,50.0,1350.0,,200.0,74.0,28.0,0.0,0.0,0.0,200.0,73.0,200.0,73.0,0.0,0.0,1784655332309.0,1784655333670.0,,361.0,320.0,,311.0,415.0,,,,,1358.0,,,,1344.0,,,784.0,1058.0,40.0,40.0,False,0.0,3.0,200.0,A,False,shared,0.0,1.0,3.0,200.0,10000.0,2.0,1.0,0.0,400.0,14.435,14.951,8.96,8.778,10.87,13.023,27.0,,0.0,0.0,0.0,,0.0,,0.0,0.0,,0.0,,0,True,-5.475,-6.173,1361.0,1361.0
D:\ContainerLiveMigration\tests\testläufe\messungen_daten_v2\runs\batches\20260721_171303_postcopy_wrk3_ae3c82\runs\0053,0053,53,20260721_173544_postcopy_53_180033,postcopy,wrk3,ok,2026-07-21T17:35:44Z,2026-07-21T17:36:10Z,,True,True,False,20260721_171303_postcopy_wrk3_ae3c82,/mnt/criu/runs/batches/20260721_171303_postcopy_wrk3_ae3c82,True,D:\ContainerLiveMigration\tests\testläufe\messungen_daten_v2\runs\batches\20260721_171303_postcopy_wrk3_ae3c82\runs\0053\summary.json,,False,,,1784655360751.0,1784655360751.0,events(offset_corrected),2501.0,700.0,1361.0,1.0,1361.0,1361.0,1361.0,50.0,49.0,50.0,1350.0,0.0,189.0,74.0,28.0,0.0,0.0,0.0,189.0,74.0,189.0,73.0,0.0,1.0,1784655358360.0,1784655359721.0,,353.0,318.0,,310.0,413.0,,,,,1350.0,,,,1336.0,,,809.0,1099.0,40.0,40.0,False,0.0,3.0,200.0,A,False,shared,0.0,1.0,3.0,200.0,10000.0,2.0,1.0,0.0,400.0,12.96,14.29,8.96,8.729,11.64,13.019,26.0,,0.0,0.0,0.0,,0.0,,0.0,0.0,,0.0,,0,False,-4.0,-5.561,1311.0,1311.0
D:\ContainerLiveMigration\tests\testläufe\messungen_daten_v2\runs\batches\20260721_171303_postcopy_wrk3_ae3c82\runs\0054,0054,54,20260721_173610_postcopy_54_3e0c30,postcopy,wrk3,ok,2026-07-21T17:36:10Z,2026-07-21T17:36:35Z,,True,True,False,20260721_171303_postcopy_wrk3_ae3c82,/mnt/criu/runs/batches/20260721_171303_postcopy_wrk3_ae3c82,True,D:\ContainerLiveMigration\tests\testläufe\messungen_daten_v2\runs\batches\20260721_171303_postcopy_wrk3_ae3c82\runs\0054\summary.json,,False,,,1784655386718.0,1784655386718.0,events(offset_corrected),2599.0,700.0,1559.0,2.0,2967.0,1512.0,1512.0,0.0,48.0,50.0,1500.0,,188.0,73.0,31.0,1.0,0.0,0.0,188.0,73.0,188.0,73.0,0.0,0.0,1784655384221.0,1784655385733.0,,350.0,329.0,,311.0,421.0,,,,,1341.0,,,,1325.0,,,795.0,1073.0,40.0,40.0,False,0.0,3.0,200.0,A,False,shared,0.0,1.0,3.0,200.0,10000.0,2.0,1.0,0.0,400.0,15.62,15.511,9.72,9.012,11.81,14.164,26.0,,0.0,0.0,0.0,,0.0,,0.0,0.0,,0.0,,0,True,-5.899999999999999,-6.498999999999999,1559.0,1512.0
D:\ContainerLiveMigration\tests\testläufe\messungen_daten_v2\runs\batches\20260721_171303_postcopy_wrk3_ae3c82\runs\0055,0055,55,20260721_173637_postcopy_55_7d8be1,postcopy,wrk3,ok,2026-07-21T17:36:37Z,2026-07-21T17:37:02Z,,True,True,False,20260721_171303_postcopy_wrk3_ae3c82,/mnt/criu/runs/batches/20260721_171303_postcopy_wrk3_ae3c82,True,D:\ContainerLiveMigration\tests\testläufe\messungen_daten_v2\runs\batches\20260721_171303_postcopy_wrk3_ae3c82\runs\0055\summary.json,,False,,,1784655413236.0,1784655413236.0,events(offset_corrected),2549.0,700.0,1473.0,3.0,2919.0,1411.0,1411.0,0.0,50.0,50.0,1400.0,,192.0,74.0,32.0,1.0,0.0,0.0,192.0,73.0,192.0,73.0,0.0,0.0,1784655410774.0,1784655412185.0,,353.0,334.0,,308.0,422.0,,,,,1346.0,,,,1331.0,,,771.0,1050.0,40.0,40.0,False,0.0,3.0,200.0,A,False,shared,0.0,1.0,3.0,200.0,10000.0,2.0,1.0,0.0,400.0,14.98,15.438,9.365,9.077,11.12,13.299,26.0,,0.0,0.0,0.0,,0.0,,0.0,0.0,,0.0,,0,True,-5.615,-6.361000000000001,1473.0,1411.0
D:\ContainerLiveMigration\tests\testläufe\messungen_daten_v2\runs\batches\20260721_171303_postcopy_wrk3_ae3c82\runs\0056,0056,56,20260721_173703_postcopy_56_9fa2c3,postcopy,wrk3,ok,2026-07-21T17:37:03Z,2026-07-21T17:37:28Z,,True,True,False,20260721_171303_postcopy_wrk3_ae3c82,/mnt/criu/runs/batches/20260721_171303_postcopy_wrk3_ae3c82,True,D:\ContainerLiveMigration\tests\testläufe\messungen_daten_v2\runs\batches\20260721_171303_postcopy_wrk3_ae3c82\runs\0056\summary.json,,False,,,1784655438991.0,1784655438991.0,events(offset_corrected),2547.0,650.0,1412.0,1.0,1412.0,1412.0,1412.0,0.0,51.0,0.0,1400.0,,189.0,73.0,29.0,0.0,0.0,0.0,189.0,73.0,189.0,73.0,0.0,0.0,1784655436562.0,1784655437974.0,,354.0,326.0,,303.0,458.0,,,,,1365.0,,,,1353.0,,,781.0,1070.0,40.0,40.0,False,0.0,3.0,200.0,A,False,shared,0.0,1.0,3.0,200.0,10000.0,2.0,1.0,0.0,400.0,15.39,15.957,8.81,8.812,11.43,14.175,26.0,,0.0,0.0,0.0,,0.0,,0.0,0.0,,0.0,,0,True,-6.58,-7.145000000000001,1412.0,1412.0
D:\ContainerLiveMigration\tests\testläufe\messungen_daten_v2\runs\batches\20260721_171303_postcopy_wrk3_ae3c82\runs\0057,0057,57,20260721_173728_postcopy_57_05b72c,postcopy,wrk3,ok,2026-07-21T17:37:28Z,2026-07-21T17:37:54Z,,True,True,False,20260721_171303_postcopy_wrk3_ae3c82,/mnt/criu/runs/batches/20260721_171303_postcopy_wrk3_ae3c82,True,D:\ContainerLiveMigration\tests\testläufe\messungen_daten_v2\runs\batches\20260721_171303_postcopy_wrk3_ae3c82\runs\0057\summary.json,,False,,,1784655465316.0,1784655465316.0,events(offset_corrected),2450.0,700.0,1361.0,1.0,1361.0,1361.0,1361.0,0.0,49.0,50.0,1350.0,,200.0,74.0,29.0,0.0,0.0,0.0,200.0,73.0,200.0,73.0,0.0,0.0,1784655462957.0,1784655464318.0,,356.0,324.0,,306.0,422.0,,,,,1331.0,,,,1316.0,,,788.0,1064.0,40.0,40.0,False,0.0,3.0,200.0,A,False,shared,0.0,1.0,3.0,200.0,10000.0,2.0,1.0,0.0,400.0,15.085,15.412,8.785,8.584,11.32,13.368,27.0,,0.0,0.0,0.0,,0.0,,0.0,0.0,,0.0,,0,True,-6.300000000000001,-6.828000000000001,1361.0,1361.0
D:\ContainerLiveMigration\tests\testläufe\messungen_daten_v2\runs\batches\20260721_171303_postcopy_wrk3_ae3c82\runs\0058,0058,58,20260721_173755_postcopy_58_5bcbf3,postcopy,wrk3,ok,2026-07-21T17:37:55Z,2026-07-21T17:38:20Z,,True,True,False,20260721_171303_postcopy_wrk3_ae3c82,/mnt/criu/runs/batches/20260721_171303_postcopy_wrk3_ae3c82,True,D:\ContainerLiveMigration\tests\testläufe\messungen_daten_v2\runs\batches\20260721_171303_postcopy_wrk3_ae3c82\runs\0058\summary.json,,False,,,1784655491520.0,1784655491520.0,events(offset_corrected),2505.0,700.0,1361.0,1.0,1361.0,1361.0,1361.0,0.0,48.0,0.0,1350.0,,194.0,73.0,28.0,0.0,0.0,0.0,194.0,73.0,194.0,73.0,0.0,0.0,1784655489140.0,1784655490501.0,,367.0,340.0,,310.0,411.0,,,,,1361.0,,,,1344.0,,,806.0,1089.0,40.0,40.0,False,0.0,3.0,200.0,A,False,shared,0.0,1.0,3.0,200.0,10000.0,2.0,1.0,0.0,400.0,13.15,14.905,8.96,8.876,11.49,13.888,26.0,,0.0,0.0,0.0,,0.0,,0.0,0.0,,0.0,,0,True,-4.1899999999999995,-6.029,1361.0,1361.0
D:\ContainerLiveMigration\tests\testläufe\messungen_daten_v2\runs\batches\20260721_171303_postcopy_wrk3_ae3c82\runs\0059,0059,59,20260721_173821_postcopy_59_ef6586,postcopy,wrk3,ok,2026-07-21T17:38:21Z,2026-07-21T17:38:46Z,,True,True,False,20260721_171303_postcopy_wrk3_ae3c82,/mnt/criu/runs/batches/20260721_171303_postcopy_wrk3_ae3c82,True,D:\ContainerLiveMigration\tests\testläufe\messungen_daten_v2\runs\batches\20260721_171303_postcopy_wrk3_ae3c82\runs\0059\summary.json,,False,,,1784655517455.0,1784655517455.0,events(offset_corrected),2510.0,700.0,1362.0,1.0,1362.0,1362.0,1362.0,0.0,49.0,50.0,1351.0,,188.0,73.0,29.0,0.0,0.0,0.0,188.0,73.0,188.0,73.0,0.0,0.0,1784655515056.0,1784655516418.0,,359.0,318.0,,315.0,423.0,,,,,1360.0,,,,1343.0,,,779.0,1045.0,40.0,40.0,False,0.0,3.0,200.0,A,False,shared,0.0,1.0,3.0,200.0,10000.0,2.0,1.0,0.0,400.0,14.31,13.859,9.3,9.345,11.745,13.869,26.0,,0.0,0.0,0.0,,0.0,,0.0,0.0,,0.0,,0,True,-5.01,-4.513999999999999,1362.0,1362.0
D:\ContainerLiveMigration\tests\testläufe\messungen_daten_v2\runs\batches\20260721_171303_postcopy_wrk3_ae3c82\runs\0060,0060,60,20260721_173847_postcopy_60_578ec4,postcopy,wrk3,ok,2026-07-21T17:38:47Z,2026-07-21T17:39:12Z,,True,True,False,20260721_171303_postcopy_wrk3_ae3c82,/mnt/criu/runs/batches/20260721_171303_postcopy_wrk3_ae3c82,True,D:\ContainerLiveMigration\tests\testläufe\messungen_daten_v2\runs\batches\20260721_171303_postcopy_wrk3_ae3c82\runs\0060\summary.json,,False,,,1784655543734.0,1784655543734.0,events(offset_corrected),2507.0,700.0,1361.0,1.0,1361.0,1361.0,1361.0,0.0,47.0,50.0,1350.0,,188.0,73.0,28.0,0.0,0.0,0.0,188.0,73.0,188.0,73.0,0.0,0.0,1784655541322.0,1784655542683.0,,355.0,325.0,,310.0,428.0,,,,,1359.0,,,,1342.0,,,779.0,1054.0,40.0,40.0,False,0.0,3.0,200.0,A,False,shared,0.0,1.0,3.0,200.0,10000.0,2.0,1.0,0.0,400.0,13.1,14.99,9.06,8.73,11.2,13.748,26.0,,0.0,0.0,0.0,,0.0,,0.0,0.0,,0.0,,0,True,-4.039999999999999,-6.26,1361.0,1361.0
D:\ContainerLiveMigration\tests\testläufe\messungen_daten_v2\runs\batches\20260721_171303_postcopy_wrk3_ae3c82\runs\0061,0061,61,20260721_173913_postcopy_61_5b9f62,postcopy,wrk3,ok,2026-07-21T17:39:13Z,2026-07-21T17:39:38Z,,True,True,False,20260721_171303_postcopy_wrk3_ae3c82,/mnt/criu/runs/batches/20260721_171303_postcopy_wrk3_ae3c82,True,D:\ContainerLiveMigration\tests\testläufe\messungen_daten_v2\runs\batches\20260721_171303_postcopy_wrk3_ae3c82\runs\0061\summary.json,,False,,,1784655569550.0,1784655569550.0,events(offset_corrected),2500.0,650.0,1362.0,1.0,1362.0,1362.0,1362.0,0.0,49.0,50.0,1350.0,,189.0,73.0,28.0,0.0,0.0,0.0,188.0,74.0,188.0,74.0,0.0,0.0,1784655567172.0,1784655568534.0,,345.0,331.0,,311.0,417.0,,,,,1348.0,,,,1332.0,,,783.0,1049.0,40.0,40.0,False,0.0,3.0,200.0,A,False,shared,0.0,1.0,3.0,200.0,10000.0,2.0,1.0,0.0,400.0,15.585,15.127,8.46,8.403,11.035,13.626,26.0,,0.0,0.0,0.0,,0.0,,0.0,0.0,,0.0,,0,True,-7.125,-6.724,1362.0,1362.0
D:\ContainerLiveMigration\tests\testläufe\messungen_daten_v2\runs\batches\20260721_171303_postcopy_wrk3_ae3c82\runs\0062,0062,62,20260721_173939_postcopy_62_3168f3,postcopy,wrk3,ok,2026-07-21T17:39:39Z,2026-07-21T17:40:04Z,,True,True,False,20260721_171303_postcopy_wrk3_ae3c82,/mnt/criu/runs/batches/20260721_171303_postcopy_wrk3_ae3c82,True,D:\ContainerLiveMigration\tests\testläufe\messungen_daten_v2\runs\batches\20260721_171303_postcopy_wrk3_ae3c82\runs\0062\summary.json,,False,,,1784655595756.0,1784655595756.0,events(offset_corrected),2549.0,700.0,1412.0,1.0,1412.0,1412.0,1412.0,0.0,55.0,50.0,1400.0,,198.0,73.0,29.0,0.0,0.0,0.0,197.0,74.0,197.0,74.0,0.0,0.0,1784655593334.0,1784655594746.0,,358.0,322.0,,298.0,436.0,,,,,1339.0,,,,1325.0,,,788.0,1059.0,40.0,40.0,False,0.0,3.0,200.0,A,False,shared,0.0,1.0,3.0,200.0,10000.0,2.0,1.0,0.0,400.0,15.975,16.562,9.81,9.513,12.92,15.199,26.0,,0.0,0.0,0.0,,0.0,,0.0,0.0,,0.0,,0,True,-6.164999999999999,-7.049000000000001,1412.0,1412.0
D:\ContainerLiveMigration\tests\testläufe\messungen_daten_v2\runs\batches\20260721_171303_postcopy_wrk3_ae3c82\runs\0063,0063,63,20260721_174005_postcopy_63_f54b1d,postcopy,wrk3,ok,2026-07-21T17:40:05Z,2026-07-21T17:40:30Z,,True,True,False,20260721_171303_postcopy_wrk3_ae3c82,/mnt/criu/runs/batches/20260721_171303_postcopy_wrk3_ae3c82,True,D:\ContainerLiveMigration\tests\testläufe\messungen_daten_v2\runs\batches\20260721_171303_postcopy_wrk3_ae3c82\runs\0063\summary.json,,False,,,1784655621529.0,1784655621529.0,events(offset_corrected),2546.0,701.0,1461.0,2.0,2917.0,1411.0,1411.0,0.0,49.0,50.0,1400.0,,185.0,73.0,31.0,1.0,0.0,0.0,185.0,73.0,185.0,73.0,0.0,0.0,1784655619085.0,1784655620496.0,,358.0,312.0,,307.0,443.0,,,,,1355.0,,,,1340.0,,,799.0,1072.0,40.0,40.0,False,0.0,3.0,200.0,A,False,shared,0.0,1.0,3.0,200.0,10000.0,2.0,1.0,0.0,400.0,14.48,15.415,8.39,8.327,11.41,13.578,25.0,,0.0,0.0,0.0,,0.0,,0.0,0.0,,0.0,,0,True,-6.09,-7.087999999999999,1461.0,1411.0
D:\ContainerLiveMigration\tests\testläufe\messungen_daten_v2\runs\batches\20260721_171303_postcopy_wrk3_ae3c82\runs\0064,0064,64,20260721_174031_postcopy_64_dc1544,postcopy,wrk3,ok,2026-07-21T17:40:31Z,2026-07-21T17:40:56Z,,True,True,False,20260721_171303_postcopy_wrk3_ae3c82,/mnt/criu/runs/batches/20260721_171303_postcopy_wrk3_ae3c82,True,D:\ContainerLiveMigration\tests\testläufe\messungen_daten_v2\runs\batches\20260721_171303_postcopy_wrk3_ae3c82\runs\0064\summary.json,,False,,,1784655647495.0,1784655647495.0,events(offset_corrected),2553.0,650.0,1462.0,1.0,1462.0,1462.0,1462.0,0.0,50.0,50.0,1450.0,,193.0,73.0,30.0,0.0,0.0,0.0,193.0,73.0,193.0,73.0,0.0,0.0,1784655645031.0,1784655646493.0,,362.0,311.0,,322.0,424.0,,,,,1324.0,,,,1308.0,,,775.0,1047.0,40.0,40.0,False,0.0,3.0,200.0,A,False,shared,0.0,1.0,3.0,200.0,10000.0,2.0,1.0,0.0,400.0,12.21,12.038,9.335,8.658,11.105,12.563,26.0,,0.0,0.0,0.0,,0.0,,0.0,0.0,,0.0,,0,True,-2.875,-3.380000000000001,1462.0,1462.0
D:\ContainerLiveMigration\tests\testläufe\messungen_daten_v2\runs\batches\20260721_171303_postcopy_wrk3_ae3c82\runs\0065,0065,65,20260721_174058_postcopy_65_8110ad,postcopy,wrk3,ok,2026-07-21T17:40:58Z,2026-07-21T17:41:22Z,,True,True,False,20260721_171303_postcopy_wrk3_ae3c82,/mnt/criu/runs/batches/20260721_171303_postcopy_wrk3_ae3c82,True,D:\ContainerLiveMigration\tests\testläufe\messungen_daten_v2\runs\batches\20260721_171303_postcopy_wrk3_ae3c82\runs\0065\summary.json,,False,,,1784655673908.0,1784655673908.0,events(offset_corrected),2501.0,700.0,1361.0,1.0,1361.0,1361.0,1361.0,0.0,50.0,50.0,1350.0,,189.0,72.0,29.0,0.0,0.0,0.0,189.0,72.0,189.0,72.0,0.0,0.0,1784655671515.0,1784655672876.0,,345.0,302.0,,305.0,417.0,,,,,1368.0,,,,1351.0,,,781.0,1042.0,40.0,40.0,False,0.0,3.0,200.0,A,False,shared,0.0,1.0,3.0,200.0,10000.0,2.0,1.0,0.0,400.0,14.59,15.103,9.335,9.143,11.285,13.444,26.0,,0.0,0.0,0.0,,0.0,,0.0,0.0,,0.0,,0,True,-5.254999999999999,-5.959999999999999,1361.0,1361.0
D:\ContainerLiveMigration\tests\testläufe\messungen_daten_v2\runs\batches\20260721_171303_postcopy_wrk3_ae3c82\runs\0066,0066,66,20260721_174123_postcopy_66_8e86ff,postcopy,wrk3,ok,2026-07-21T17:41:23Z,2026-07-21T17:41:48Z,,True,True,False,20260721_171303_postcopy_wrk3_ae3c82,/mnt/criu/runs/batches/20260721_171303_postcopy_wrk3_ae3c82,True,D:\ContainerLiveMigration\tests\testläufe\messungen_daten_v2\runs\batches\20260721_171303_postcopy_wrk3_ae3c82\runs\0066\summary.json,,False,,,1784655699712.0,1784655699712.0,events(offset_corrected),2502.0,701.0,1412.0,2.0,2870.0,1361.0,1361.0,0.0,55.0,50.0,1350.0,,190.0,74.0,28.0,1.0,0.0,0.0,190.0,73.0,190.0,73.0,0.0,0.0,1784655697314.0,1784655698675.0,,365.0,330.0,,315.0,440.0,,,,,1355.0,,,,1340.0,,,796.0,1072.0,40.0,40.0,False,0.0,3.0,200.0,A,False,shared,0.0,1.0,3.0,200.0,10000.0,2.0,1.0,0.0,400.0,15.81,16.308,9.685,9.289,12.24,14.751,26.0,,0.0,0.0,0.0,,0.0,,0.0,0.0,,0.0,,0,True,-6.125,-7.019,1412.0,1361.0
D:\ContainerLiveMigration\tests\testläufe\messungen_daten_v2\runs\batches\20260721_171303_postcopy_wrk3_ae3c82\runs\0067,0067,67,20260721_174149_postcopy_67_db3ef6,postcopy,wrk3,ok,2026-07-21T17:41:49Z,2026-07-21T17:42:15Z,,True,True,False,20260721_171303_postcopy_wrk3_ae3c82,/mnt/criu/runs/batches/20260721_171303_postcopy_wrk3_ae3c82,True,D:\ContainerLiveMigration\tests\testläufe\messungen_daten_v2\runs\batches\20260721_171303_postcopy_wrk3_ae3c82\runs\0067\summary.json,,False,,,1784655725959.0,1784655725959.0,events(offset_corrected),2510.0,700.0,1361.0,1.0,1361.0,1361.0,1361.0,0.0,47.0,50.0,1350.0,,197.0,73.0,29.0,0.0,0.0,0.0,197.0,73.0,197.0,73.0,0.0,0.0,1784655723560.0,1784655724921.0,,363.0,327.0,,304.0,424.0,,,,,1366.0,,,,1349.0,,,790.0,1057.0,40.0,40.0,False,0.0,3.0,200.0,A,False,shared,0.0,1.0,3.0,200.0,10000.0,2.0,1.0,0.0,400.0,14.36,15.487,9.63,9.247,10.9,13.896,26.0,,0.0,0.0,0.0,,0.0,,0.0,0.0,,0.0,,0,True,-4.729999999999999,-6.24,1361.0,1361.0
D:\ContainerLiveMigration\tests\testläufe\messungen_daten_v2\runs\batches\20260721_171303_postcopy_wrk3_ae3c82\runs\0068,0068,68,20260721_174216_postcopy_68_7507ad,postcopy,wrk3,ok,2026-07-21T17:42:16Z,2026-07-21T17:42:41Z,,True,True,False,20260721_171303_postcopy_wrk3_ae3c82,/mnt/criu/runs/batches/20260721_171303_postcopy_wrk3_ae3c82,True,D:\ContainerLiveMigration\tests\testläufe\messungen_daten_v2\runs\batches\20260721_171303_postcopy_wrk3_ae3c82\runs\0068\summary.json,,False,,,1784655751916.0,1784655751916.0,events(offset_corrected),2651.0,700.0,1461.0,1.0,1461.0,1461.0,1461.0,0.0,48.0,50.0,1450.0,,190.0,73.0,30.0,0.0,0.0,0.0,189.0,73.0,189.0,73.0,0.0,0.0,1784655749393.0,1784655750854.0,,361.0,335.0,,306.0,421.0,,,,,1368.0,,,,1353.0,,,778.0,1074.0,40.0,40.0,False,0.0,3.0,200.0,A,False,shared,0.0,1.0,3.0,200.0,10000.0,2.0,1.0,0.0,400.0,14.025,15.092,8.68,8.622,11.66,13.376,26.0,,0.0,0.0,0.0,,0.0,,0.0,0.0,,0.0,,0,True,-5.345000000000001,-6.470000000000001,1461.0,1461.0
D:\ContainerLiveMigration\tests\testläufe\messungen_daten_v2\runs\batches\20260721_171303_postcopy_wrk3_ae3c82\runs\0069,0069,69,20260721_174241_postcopy_69_09c43b,postcopy,wrk3,ok,2026-07-21T17:42:41Z,2026-07-21T17:43:06Z,,True,True,False,20260721_171303_postcopy_wrk3_ae3c82,/mnt/criu/runs/batches/20260721_171303_postcopy_wrk3_ae3c82,True,D:\ContainerLiveMigration\tests\testläufe\messungen_daten_v2\runs\batches\20260721_171303_postcopy_wrk3_ae3c82\runs\0069\summary.json,,False,,,1784655777688.0,1784655777688.0,events(offset_corrected),2603.0,650.0,1512.0,1.0,1512.0,1512.0,1512.0,50.0,46.0,50.0,1500.0,0.0,186.0,74.0,32.0,0.0,0.0,0.0,186.0,73.0,185.0,73.0,1.0,0.0,1784655775173.0,1784655776685.0,,378.0,310.0,,315.0,428.0,,,,,1341.0,,,,1326.0,,,783.0,1070.0,40.0,40.0,False,0.0,3.0,200.0,A,False,shared,0.0,1.0,3.0,200.0,10000.0,2.0,1.0,0.0,400.0,16.655,16.477,8.975,8.836,11.695,13.946,25.0,,0.0,0.0,0.0,,0.0,,0.0,0.0,,0.0,,0,False,-7.6800000000000015,-7.641,1462.0,1462.0
D:\ContainerLiveMigration\tests\testläufe\messungen_daten_v2\runs\batches\20260721_171303_postcopy_wrk3_ae3c82\runs\0070,0070,70,20260721_174308_postcopy_70_31790a,postcopy,wrk3,ok,2026-07-21T17:43:08Z,2026-07-21T17:43:33Z,,True,True,False,20260721_171303_postcopy_wrk3_ae3c82,/mnt/criu/runs/batches/20260721_171303_postcopy_wrk3_ae3c82,True,D:\ContainerLiveMigration\tests\testläufe\messungen_daten_v2\runs\batches\20260721_171303_postcopy_wrk3_ae3c82\runs\0070\summary.json,,False,,,1784655804142.0,1784655804142.0,events(offset_corrected),2456.0,651.0,1361.0,1.0,1361.0,1361.0,1361.0,0.0,53.0,50.0,1350.0,,190.0,72.0,28.0,0.0,0.0,0.0,189.0,73.0,189.0,73.0,0.0,0.0,1784655801772.0,1784655803133.0,,359.0,310.0,,301.0,422.0,,,,,1334.0,,,,1323.0,,,787.0,1061.0,40.0,40.0,False,0.0,3.0,200.0,A,False,shared,0.0,1.0,3.0,200.0,10000.0,2.0,1.0,0.0,400.0,14.01,14.637,9.765,9.092,11.33,13.684,26.0,,0.0,0.0,0.0,,0.0,,0.0,0.0,,0.0,,0,True,-4.244999999999999,-5.545,1361.0,1361.0
D:\ContainerLiveMigration\tests\testläufe\messungen_daten_v2\runs\batches\20260721_171303_postcopy_wrk3_ae3c82\runs\0071,0071,71,20260721_174334_postcopy_71_33866e,postcopy,wrk3,ok,2026-07-21T17:43:34Z,2026-07-21T17:43:59Z,,True,True,False,20260721_171303_postcopy_wrk3_ae3c82,/mnt/criu/runs/batches/20260721_171303_postcopy_wrk3_ae3c82,True,D:\ContainerLiveMigration\tests\testläufe\messungen_daten_v2\runs\batches\20260721_171303_postcopy_wrk3_ae3c82\runs\0071\summary.json,,False,,,1784655830046.0,1784655830046.0,events(offset_corrected),2502.0,700.0,1412.0,1.0,1412.0,1412.0,1412.0,0.0,53.0,49.0,1400.0,,187.0,73.0,29.0,0.0,0.0,0.0,187.0,73.0,187.0,73.0,0.0,0.0,1784655827644.0,1784655829056.0,,357.0,305.0,,315.0,417.0,,,,,1342.0,,,,1325.0,,,772.0,1062.0,40.0,40.0,False,0.0,3.0,200.0,A,False,shared,0.0,1.0,3.0,200.0,10000.0,2.0,1.0,0.0,400.0,16.855,16.272,9.4,9.05,12.01,14.644,25.0,,0.0,0.0,0.0,,0.0,,0.0,0.0,,0.0,,0,True,-7.455,-7.221999999999998,1412.0,1412.0
D:\ContainerLiveMigration\tests\testläufe\messungen_daten_v2\runs\batches\20260721_171303_postcopy_wrk3_ae3c82\runs\0072,0072,72,20260721_174400_postcopy_72_cc12cd,postcopy,wrk3,ok,2026-07-21T17:44:00Z,2026-07-21T17:44:25Z,,True,True,False,20260721_171303_postcopy_wrk3_ae3c82,/mnt/criu/runs/batches/20260721_171303_postcopy_wrk3_ae3c82,True,D:\ContainerLiveMigration\tests\testläufe\messungen_daten_v2\runs\batches\20260721_171303_postcopy_wrk3_ae3c82\runs\0072\summary.json,,False,,,1784655856574.0,1784655856574.0,events(offset_corrected),2605.0,650.0,1462.0,1.0,1462.0,1462.0,1462.0,60.0,50.0,50.0,1450.0,50.0,200.0,73.0,31.0,0.0,0.0,0.0,200.0,74.0,198.0,74.0,2.0,0.0,1784655854101.0,1784655855563.0,,348.0,329.0,,300.0,434.0,,,,,1340.0,,,,1324.0,,,792.0,1060.0,40.0,40.0,False,0.0,3.0,200.0,A,False,shared,0.0,1.0,3.0,200.0,10000.0,2.0,1.0,0.0,400.0,14.7,16.072,8.935,8.789,11.15,13.502,27.0,,0.0,0.0,0.0,,0.0,,0.0,0.0,,0.0,,0,False,-5.764999999999999,-7.2829999999999995,1402.0,1402.0
D:\ContainerLiveMigration\tests\testläufe\messungen_daten_v2\runs\batches\20260721_171303_postcopy_wrk3_ae3c82\runs\0073,0073,73,20260721_174426_postcopy_73_df5557,postcopy,wrk3,ok,2026-07-21T17:44:26Z,2026-07-21T17:44:51Z,,True,True,False,20260721_171303_postcopy_wrk3_ae3c82,/mnt/criu/runs/batches/20260721_171303_postcopy_wrk3_ae3c82,True,D:\ContainerLiveMigration\tests\testläufe\messungen_daten_v2\runs\batches\20260721_171303_postcopy_wrk3_ae3c82\runs\0073\summary.json,,False,,,1784655882489.0,1784655882489.0,events(offset_corrected),2599.0,700.0,1560.0,2.0,2967.0,1511.0,1511.0,0.0,52.0,50.0,1500.0,,188.0,74.0,31.0,1.0,0.0,0.0,188.0,73.0,188.0,73.0,0.0,0.0,1784655879988.0,1784655881499.0,,356.0,325.0,,307.0,430.0,,,,,1308.0,,,,1295.0,,,789.0,1069.0,40.0,40.0,False,0.0,3.0,200.0,A,False,shared,0.0,1.0,3.0,200.0,10000.0,2.0,1.0,0.0,400.0,13.14,14.781,8.715,8.66,10.175,12.335,26.0,,0.0,0.0,0.0,,0.0,,0.0,0.0,,0.0,,0,True,-4.425000000000001,-6.121,1560.0,1511.0
D:\ContainerLiveMigration\tests\testläufe\messungen_daten_v2\runs\batches\20260721_171303_postcopy_wrk3_ae3c82\runs\0074,0074,74,20260721_174452_postcopy_74_0db8f0,postcopy,wrk3,ok,2026-07-21T17:44:52Z,2026-07-21T17:45:17Z,,True,True,False,20260721_171303_postcopy_wrk3_ae3c82,/mnt/criu/runs/batches/20260721_171303_postcopy_wrk3_ae3c82,True,D:\ContainerLiveMigration\tests\testläufe\messungen_daten_v2\runs\batches\20260721_171303_postcopy_wrk3_ae3c82\runs\0074\summary.json,,False,,,1784655908260.0,1784655908260.0,events(offset_corrected),2449.0,700.0,1362.0,1.0,1362.0,1362.0,1362.0,0.0,41.0,50.0,1350.0,,188.0,74.0,28.0,0.0,0.0,0.0,188.0,73.0,188.0,73.0,0.0,0.0,1784655905901.0,1784655907263.0,,352.0,332.0,,303.0,423.0,,,,,1343.0,,,,1330.0,,,806.0,1071.0,40.0,40.0,False,0.0,3.0,200.0,A,False,shared,0.0,1.0,3.0,200.0,10000.0,2.0,1.0,0.0,400.0,15.075,15.038,8.0,7.871,11.34,13.137,26.0,,0.0,0.0,0.0,,0.0,,0.0,0.0,,0.0,,0,True,-7.074999999999999,-7.167,1362.0,1362.0
D:\ContainerLiveMigration\tests\testläufe\messungen_daten_v2\runs\batches\20260721_171303_postcopy_wrk3_ae3c82\runs\0075,0075,75,20260721_174518_postcopy_75_0bd197,postcopy,wrk3,ok,2026-07-21T17:45:18Z,2026-07-21T17:45:43Z,,True,True,False,20260721_171303_postcopy_wrk3_ae3c82,/mnt/criu/runs/batches/20260721_171303_postcopy_wrk3_ae3c82,True,D:\ContainerLiveMigration\tests\testläufe\messungen_daten_v2\runs\batches\20260721_171303_postcopy_wrk3_ae3c82\runs\0075\summary.json,,False,,,1784655934615.0,1784655934615.0,events(offset_corrected),2457.0,700.0,1518.0,3.0,2865.0,1411.0,1411.0,0.0,51.0,50.0,1399.0,,189.0,74.0,30.0,1.0,0.0,0.0,189.0,74.0,189.0,74.0,0.0,0.0,1784655932197.0,1784655933608.0,,359.0,319.0,,312.0,415.0,,,,,1340.0,,,,1324.0,,,780.0,1061.0,40.0,40.0,False,0.0,3.0,200.0,A,False,shared,0.0,1.0,3.0,200.0,10000.0,2.0,1.0,0.0,400.0,12.67,13.672,9.53,9.08,11.55,13.227,26.0,,0.0,0.0,0.0,,0.0,,0.0,0.0,,0.0,,0,True,-3.1400000000000006,-4.5920000000000005,1518.0,1411.0
D:\ContainerLiveMigration\tests\testläufe\messungen_daten_v2\runs\batches\20260721_171303_postcopy_wrk3_ae3c82\runs\0076,0076,76,20260721_174544_postcopy_76_d119db,postcopy,wrk3,ok,2026-07-21T17:45:44Z,2026-07-21T17:46:09Z,,True,True,False,20260721_171303_postcopy_wrk3_ae3c82,/mnt/criu/runs/batches/20260721_171303_postcopy_wrk3_ae3c82,True,D:\ContainerLiveMigration\tests\testläufe\messungen_daten_v2\runs\batches\20260721_171303_postcopy_wrk3_ae3c82\runs\0076\summary.json,,False,,,1784655960518.0,1784655960518.0,events(offset_corrected),2496.0,700.0,1412.0,1.0,1412.0,1412.0,1412.0,0.0,48.0,50.0,1400.0,,188.0,73.0,29.0,0.0,0.0,0.0,188.0,72.0,188.0,72.0,0.0,0.0,1784655958106.0,1784655959518.0,,369.0,318.0,,302.0,416.0,,,,,1333.0,,,,1318.0,,,773.0,1034.0,40.0,40.0,False,0.0,3.0,200.0,A,False,shared,0.0,1.0,3.0,200.0,10000.0,2.0,1.0,0.0,400.0,15.46,15.617,8.25,8.331,12.47,14.121,26.0,,0.0,0.0,0.0,,0.0,,0.0,0.0,,0.0,,0,True,-7.210000000000001,-7.286000000000001,1412.0,1412.0
D:\ContainerLiveMigration\tests\testläufe\messungen_daten_v2\runs\batches\20260721_171303_postcopy_wrk3_ae3c82\runs\0077,0077,77,20260721_174610_postcopy_77_5c4b1e,postcopy,wrk3,ok,2026-07-21T17:46:10Z,2026-07-21T17:46:36Z,,True,True,False,20260721_171303_postcopy_wrk3_ae3c82,/mnt/criu/runs/batches/20260721_171303_postcopy_wrk3_ae3c82,True,D:\ContainerLiveMigration\tests\testläufe\messungen_daten_v2\runs\batches\20260721_171303_postcopy_wrk3_ae3c82\runs\0077\summary.json,,False,,,1784655986753.0,1784655986753.0,events(offset_corrected),2502.0,701.0,1361.0,1.0,1361.0,1361.0,1361.0,0.0,48.0,50.0,1350.0,,197.0,73.0,28.0,0.0,0.0,0.0,197.0,73.0,197.0,73.0,0.0,0.0,1784655984343.0,1784655985704.0,,350.0,329.0,,290.0,442.0,,,,,1344.0,,,,1329.0,,,781.0,1058.0,40.0,40.0,False,0.0,3.0,200.0,A,False,shared,0.0,1.0,3.0,200.0,10000.0,2.0,1.0,0.0,400.0,15.955,16.683,8.58,8.501,11.975,14.853,26.0,,0.0,0.0,0.0,,0.0,,0.0,0.0,,0.0,,0,True,-7.375,-8.182,1361.0,1361.0
D:\ContainerLiveMigration\tests\testläufe\messungen_daten_v2\runs\batches\20260721_171303_postcopy_wrk3_ae3c82\runs\0078,0078,78,20260721_174636_postcopy_78_5ad524,postcopy,wrk3,ok,2026-07-21T17:46:36Z,2026-07-21T17:47:01Z,,True,True,False,20260721_171303_postcopy_wrk3_ae3c82,/mnt/criu/runs/batches/20260721_171303_postcopy_wrk3_ae3c82,True,D:\ContainerLiveMigration\tests\testläufe\messungen_daten_v2\runs\batches\20260721_171303_postcopy_wrk3_ae3c82\runs\0078\summary.json,,False,,,1784656012547.0,1784656012547.0,events(offset_corrected),2446.0,650.0,1361.0,1.0,1361.0,1361.0,1361.0,10.0,49.0,51.0,1350.0,0.0,185.0,73.0,30.0,0.0,0.0,0.0,185.0,73.0,181.0,73.0,4.0,0.0,1784656010184.0,1784656011545.0,,339.0,306.0,,300.0,425.0,,,,,1365.0,,,,1349.0,,,782.0,1056.0,40.0,40.0,False,0.0,3.0,200.0,A,False,shared,0.0,1.0,3.0,200.0,10000.0,2.0,1.0,0.0,400.0,15.13,15.837,8.96,8.649,11.58,14.186,25.0,,0.0,0.0,0.0,,0.0,,0.0,0.0,,0.0,,0,False,-6.17,-7.188000000000001,1351.0,1351.0
D:\ContainerLiveMigration\tests\testläufe\messungen_daten_v2\runs\batches\20260721_171303_postcopy_wrk3_ae3c82\runs\0079,0079,79,20260721_174702_postcopy_79_77736c,postcopy,wrk3,ok,2026-07-21T17:47:02Z,2026-07-21T17:47:27Z,,True,True,False,20260721_171303_postcopy_wrk3_ae3c82,/mnt/criu/runs/batches/20260721_171303_postcopy_wrk3_ae3c82,True,D:\ContainerLiveMigration\tests\testläufe\messungen_daten_v2\runs\batches\20260721_171303_postcopy_wrk3_ae3c82\runs\0079\summary.json,,False,,,1784656038596.0,1784656038596.0,events(offset_corrected),2505.0,701.0,1411.0,1.0,1411.0,1411.0,1411.0,0.0,52.0,50.0,1400.0,,192.0,73.0,29.0,0.0,0.0,0.0,192.0,73.0,192.0,73.0,0.0,0.0,1784656036191.0,1784656037602.0,,371.0,327.0,,320.0,420.0,,,,,1340.0,,,,1324.0,,,794.0,1068.0,40.0,40.0,False,0.0,3.0,200.0,A,False,shared,0.0,1.0,3.0,200.0,10000.0,2.0,1.0,0.0,400.0,13.31,13.843,9.03,8.735,11.15,13.317,26.0,,0.0,0.0,0.0,,0.0,,0.0,0.0,,0.0,,0,True,-4.280000000000001,-5.1080000000000005,1411.0,1411.0
D:\ContainerLiveMigration\tests\testläufe\messungen_daten_v2\runs\batches\20260721_171303_postcopy_wrk3_ae3c82\runs\0080,0080,80,20260721_174728_postcopy_80_c8409e,postcopy,wrk3,ok,2026-07-21T17:47:28Z,2026-07-21T17:47:54Z,,True,True,False,20260721_171303_postcopy_wrk3_ae3c82,/mnt/criu/runs/batches/20260721_171303_postcopy_wrk3_ae3c82,True,D:\ContainerLiveMigration\tests\testläufe\messungen_daten_v2\runs\batches\20260721_171303_postcopy_wrk3_ae3c82\runs\0080\summary.json,,False,,,1784656064947.0,1784656064947.0,events(offset_corrected),2649.0,650.0,1512.0,1.0,1512.0,1512.0,1512.0,0.0,56.0,50.0,1500.0,,190.0,74.0,31.0,0.0,0.0,0.0,190.0,73.0,190.0,73.0,0.0,0.0,1784656062422.0,1784656063934.0,,370.0,306.0,,301.0,449.0,,,,,1360.0,,,,1341.0,,,790.0,1065.0,40.0,40.0,False,0.0,3.0,200.0,A,False,shared,0.0,1.0,3.0,200.0,10000.0,2.0,1.0,0.0,400.0,12.19,13.329,8.765,8.84,11.51,13.194,26.0,,0.0,0.0,0.0,,0.0,,0.0,0.0,,0.0,,0,True,-3.424999999999999,-4.489000000000001,1512.0,1512.0
D:\ContainerLiveMigration\tests\testläufe\messungen_daten_v2\runs\batches\20260721_171303_postcopy_wrk3_ae3c82\runs\0081,0081,81,20260721_174754_postcopy_81_15590d,postcopy,wrk3,ok,2026-07-21T17:47:54Z,2026-07-21T17:48:20Z,,True,True,False,20260721_171303_postcopy_wrk3_ae3c82,/mnt/criu/runs/batches/20260721_171303_postcopy_wrk3_ae3c82,True,D:\ContainerLiveMigration\tests\testläufe\messungen_daten_v2\runs\batches\20260721_171303_postcopy_wrk3_ae3c82\runs\0081\summary.json,,False,,,1784656090823.0,1784656090823.0,events(offset_corrected),2547.0,700.0,1461.0,1.0,1461.0,1461.0,1461.0,10.0,50.0,50.0,1450.0,50.0,189.0,74.0,33.0,0.0,0.0,0.0,189.0,73.0,186.0,73.0,3.0,0.0,1784656088365.0,1784656089826.0,,389.0,319.0,,311.0,430.0,,,,,1341.0,,,,1326.0,,,790.0,1073.0,40.0,40.0,False,0.0,3.0,200.0,A,False,shared,0.0,1.0,3.0,200.0,10000.0,2.0,1.0,0.0,400.0,14.57,15.611,4.945,5.652,10.06,12.989,26.0,,0.0,0.0,0.0,,0.0,,0.0,0.0,,0.0,,0,False,-9.625,-9.959,1451.0,1451.0
D:\ContainerLiveMigration\tests\testläufe\messungen_daten_v2\runs\batches\20260721_171303_postcopy_wrk3_ae3c82\runs\0082,0082,82,20260721_174820_postcopy_82_9a016f,postcopy,wrk3,ok,2026-07-21T17:48:20Z,2026-07-21T17:48:46Z,,True,True,False,20260721_171303_postcopy_wrk3_ae3c82,/mnt/criu/runs/batches/20260721_171303_postcopy_wrk3_ae3c82,True,D:\ContainerLiveMigration\tests\testläufe\messungen_daten_v2\runs\batches\20260721_171303_postcopy_wrk3_ae3c82\runs\0082\summary.json,,False,,,1784656117481.0,1784656117481.0,events(offset_corrected),2504.0,650.0,1361.0,1.0,1361.0,1361.0,1361.0,0.0,48.0,50.0,1350.0,,200.0,73.0,28.0,0.0,0.0,0.0,200.0,73.0,200.0,73.0,0.0,0.0,1784656115101.0,1784656116462.0,,345.0,339.0,,299.0,420.0,,,,,1379.0,,,,1361.0,,,787.0,1059.0,40.0,40.0,False,0.0,3.0,200.0,A,False,shared,0.0,1.0,3.0,200.0,10000.0,2.0,1.0,0.0,400.0,11.515,12.404,8.62,8.302,10.48,12.472,27.0,,0.0,0.0,0.0,,0.0,,0.0,0.0,,0.0,,0,True,-2.8950000000000014,-4.102,1361.0,1361.0
D:\ContainerLiveMigration\tests\testläufe\messungen_daten_v2\runs\batches\20260721_171303_postcopy_wrk3_ae3c82\runs\0083,0083,83,20260721_174847_postcopy_83_66f936,postcopy,wrk3,ok,2026-07-21T17:48:47Z,2026-07-21T17:49:12Z,,True,True,False,20260721_171303_postcopy_wrk3_ae3c82,/mnt/criu/runs/batches/20260721_171303_postcopy_wrk3_ae3c82,True,D:\ContainerLiveMigration\tests\testläufe\messungen_daten_v2\runs\batches\20260721_171303_postcopy_wrk3_ae3c82\runs\0083\summary.json,,False,,,1784656143430.0,1784656143430.0,events(offset_corrected),2648.0,701.0,1561.0,1.0,1561.0,1561.0,1561.0,0.0,50.0,50.0,1550.0,,192.0,73.0,32.0,0.0,0.0,0.0,192.0,73.0,192.0,73.0,0.0,0.0,1784656140897.0,1784656142458.0,,362.0,318.0,,303.0,442.0,,,,,1339.0,,,,1325.0,,,783.0,1062.0,40.0,40.0,False,0.0,3.0,200.0,A,False,shared,0.0,1.0,3.0,200.0,10000.0,2.0,1.0,0.0,400.0,14.295,14.86,8.68,8.703,11.77,13.697,26.0,,0.0,0.0,0.0,,0.0,,0.0,0.0,,0.0,,0,True,-5.615,-6.157,1561.0,1561.0
D:\ContainerLiveMigration\tests\testläufe\messungen_daten_v2\runs\batches\20260721_171303_postcopy_wrk3_ae3c82\runs\0084,0084,84,20260721_174913_postcopy_84_a7111a,postcopy,wrk3,ok,2026-07-21T17:49:13Z,2026-07-21T17:49:38Z,,True,True,False,20260721_171303_postcopy_wrk3_ae3c82,/mnt/criu/runs/batches/20260721_171303_postcopy_wrk3_ae3c82,True,D:\ContainerLiveMigration\tests\testläufe\messungen_daten_v2\runs\batches\20260721_171303_postcopy_wrk3_ae3c82\runs\0084\summary.json,,False,,,1784656169149.0,1784656169149.0,events(offset_corrected),2508.0,700.0,1459.0,2.0,2867.0,1411.0,1411.0,10.0,51.0,50.0,1400.0,0.0,187.0,73.0,33.0,1.0,0.0,0.0,187.0,73.0,184.0,73.0,3.0,0.0,1784656166749.0,1784656168160.0,,356.0,332.0,,313.0,452.0,,,,,1298.0,,,,1283.0,,,787.0,1065.0,40.0,40.0,False,0.0,3.0,200.0,A,False,shared,0.0,1.0,3.0,200.0,10000.0,2.0,1.0,0.0,400.0,9.22,8.848,8.03,7.529,9.495,8.908,26.0,,0.0,0.0,0.0,,0.0,,0.0,0.0,,0.0,,0,False,-1.1900000000000013,-1.3190000000000008,1449.0,1401.0
D:\ContainerLiveMigration\tests\testläufe\messungen_daten_v2\runs\batches\20260721_171303_postcopy_wrk3_ae3c82\runs\0085,0085,85,20260721_174939_postcopy_85_5571f6,postcopy,wrk3,ok,2026-07-21T17:49:39Z,2026-07-21T17:50:05Z,,True,True,False,20260721_171303_postcopy_wrk3_ae3c82,/mnt/criu/runs/batches/20260721_171303_postcopy_wrk3_ae3c82,True,D:\ContainerLiveMigration\tests\testläufe\messungen_daten_v2\runs\batches\20260721_171303_postcopy_wrk3_ae3c82\runs\0085\summary.json,,False,,,1784656195884.0,1784656195884.0,events(offset_corrected),2649.0,700.0,1615.0,2.0,3079.0,1511.0,1511.0,0.0,42.0,50.0,1500.0,,194.0,73.0,31.0,2.0,0.0,0.0,194.0,73.0,194.0,73.0,0.0,0.0,1784656193319.0,1784656194830.0,,366.0,316.0,,306.0,433.0,,,,,1379.0,,,,1365.0,,,769.0,1068.0,40.0,40.0,False,0.0,3.0,200.0,A,False,shared,0.0,1.0,3.0,200.0,10000.0,2.0,1.0,0.0,400.0,17.955,17.216,17.21,16.22,19.125,18.491,26.0,,0.0,0.0,0.0,,0.0,,0.0,0.0,,0.0,,0,True,-0.7449999999999974,-0.9960000000000022,1615.0,1511.0
D:\ContainerLiveMigration\tests\testläufe\messungen_daten_v2\runs\batches\20260721_171303_postcopy_wrk3_ae3c82\runs\0086,0086,86,20260721_175005_postcopy_86_226735,postcopy,wrk3,ok,2026-07-21T17:50:05Z,2026-07-21T17:50:31Z,,True,True,False,20260721_171303_postcopy_wrk3_ae3c82,/mnt/criu/runs/batches/20260721_171303_postcopy_wrk3_ae3c82,True,D:\ContainerLiveMigration\tests\testläufe\messungen_daten_v2\runs\batches\20260721_171303_postcopy_wrk3_ae3c82\runs\0086\summary.json,,False,,,1784656221902.0,1784656221902.0,events(offset_corrected),2458.0,701.0,1361.0,1.0,1361.0,1361.0,1361.0,0.0,54.0,50.0,1350.0,,190.0,73.0,28.0,0.0,0.0,0.0,190.0,72.0,190.0,72.0,0.0,0.0,1784656219545.0,1784656220906.0,,351.0,343.0,,298.0,416.0,,,,,1329.0,,,,1316.0,,,763.0,1028.0,40.0,40.0,False,0.0,3.0,200.0,A,False,shared,0.0,1.0,3.0,200.0,10000.0,2.0,1.0,0.0,400.0,16.26,16.19,8.67,8.305,11.66,14.135,26.0,,0.0,0.0,0.0,,0.0,,0.0,0.0,,0.0,,0,True,-7.590000000000002,-7.885000000000002,1361.0,1361.0
D:\ContainerLiveMigration\tests\testläufe\messungen_daten_v2\runs\batches\20260721_171303_postcopy_wrk3_ae3c82\runs\0087,0087,87,20260721_175031_postcopy_87_f1d223,postcopy,wrk3,ok,2026-07-21T17:50:32Z,2026-07-21T17:50:57Z,,True,True,False,20260721_171303_postcopy_wrk3_ae3c82,/mnt/criu/runs/batches/20260721_171303_postcopy_wrk3_ae3c82,True,D:\ContainerLiveMigration\tests\testläufe\messungen_daten_v2\runs\batches\20260721_171303_postcopy_wrk3_ae3c82\runs\0087\summary.json,,False,,,1784656248510.0,1784656248510.0,events(offset_corrected),2602.0,700.0,1572.0,2.0,2570.0,1512.0,1512.0,0.0,97.0,50.0,1501.0,,200.0,73.0,31.0,1.0,0.0,0.0,200.0,73.0,200.0,73.0,0.0,0.0,1784656246013.0,1784656247525.0,,358.0,321.0,,314.0,410.0,,,,,1330.0,,,,1316.0,,,780.0,1055.0,40.0,40.0,False,0.0,3.0,200.0,A,False,shared,0.0,1.0,3.0,200.0,10000.0,2.0,1.0,0.0,400.0,13.6,14.403,9.54,9.217,11.13,12.806,27.0,,0.0,0.0,0.0,,0.0,,0.0,0.0,,0.0,,0,True,-4.0600000000000005,-5.186,1572.0,1512.0
D:\ContainerLiveMigration\tests\testläufe\messungen_daten_v2\runs\batches\20260721_171303_postcopy_wrk3_ae3c82\runs\0088,0088,88,20260721_175058_postcopy_88_2e6ae6,postcopy,wrk3,ok,2026-07-21T17:50:58Z,2026-07-21T17:51:23Z,,True,True,False,20260721_171303_postcopy_wrk3_ae3c82,/mnt/criu/runs/batches/20260721_171303_postcopy_wrk3_ae3c82,True,D:\ContainerLiveMigration\tests\testläufe\messungen_daten_v2\runs\batches\20260721_171303_postcopy_wrk3_ae3c82\runs\0088\summary.json,,False,,,1784656274611.0,1784656274611.0,events(offset_corrected),2506.0,700.0,1361.0,1.0,1361.0,1361.0,1361.0,0.0,49.0,49.0,1350.0,,191.0,73.0,28.0,0.0,0.0,0.0,191.0,73.0,191.0,73.0,0.0,0.0,1784656272227.0,1784656273588.0,,354.0,321.0,,307.0,439.0,,,,,1342.0,,,,1328.0,,,774.0,1045.0,40.0,40.0,False,0.0,3.0,200.0,A,False,shared,0.0,1.0,3.0,200.0,10000.0,2.0,1.0,0.0,400.0,13.045,15.188,9.4,9.178,11.05,13.236,26.0,,0.0,0.0,0.0,,0.0,,0.0,0.0,,0.0,,0,True,-3.6449999999999996,-6.01,1361.0,1361.0
D:\ContainerLiveMigration\tests\testläufe\messungen_daten_v2\runs\batches\20260721_171303_postcopy_wrk3_ae3c82\runs\0089,0089,89,20260721_175124_postcopy_89_f498a1,postcopy,wrk3,ok,2026-07-21T17:51:24Z,2026-07-21T17:51:49Z,,True,True,False,20260721_171303_postcopy_wrk3_ae3c82,/mnt/criu/runs/batches/20260721_171303_postcopy_wrk3_ae3c82,True,D:\ContainerLiveMigration\tests\testläufe\messungen_daten_v2\runs\batches\20260721_171303_postcopy_wrk3_ae3c82\runs\0089\summary.json,,False,,,1784656300449.0,1784656300449.0,events(offset_corrected),2654.0,650.0,1512.0,1.0,1512.0,1512.0,1512.0,0.0,52.0,50.0,1500.0,,188.0,73.0,31.0,0.0,0.0,0.0,187.0,73.0,187.0,73.0,0.0,0.0,1784656297926.0,1784656299438.0,,370.0,322.0,,310.0,456.0,,,,,1343.0,,,,1327.0,,,806.0,1074.0,40.0,40.0,False,0.0,3.0,200.0,A,False,shared,0.0,1.0,3.0,200.0,10000.0,2.0,1.0,0.0,400.0,15.615,15.946,9.105,9.192,11.91,14.422,25.0,,0.0,0.0,0.0,,0.0,,0.0,0.0,,0.0,,0,True,-6.51,-6.754,1512.0,1512.0
D:\ContainerLiveMigration\tests\testläufe\messungen_daten_v2\runs\batches\20260721_171303_postcopy_wrk3_ae3c82\runs\0090,0090,90,20260721_175150_postcopy_90_ecdf41,postcopy,wrk3,ok,2026-07-21T17:51:50Z,2026-07-21T17:52:15Z,,True,True,False,20260721_171303_postcopy_wrk3_ae3c82,/mnt/criu/runs/batches/20260721_171303_postcopy_wrk3_ae3c82,True,D:\ContainerLiveMigration\tests\testläufe\messungen_daten_v2\runs\batches\20260721_171303_postcopy_wrk3_ae3c82\runs\0090\summary.json,,False,,,1784656326756.0,1784656326756.0,events(offset_corrected),2554.0,650.0,1411.0,1.0,1411.0,1411.0,1411.0,10.0,50.0,50.0,1400.0,0.0,189.0,73.0,35.0,0.0,0.0,0.0,189.0,72.0,186.0,72.0,3.0,0.0,1784656324335.0,1784656325746.0,,361.0,330.0,,308.0,429.0,,,,,1349.0,,,,1335.0,,,756.0,1018.0,40.0,40.0,False,0.0,3.0,200.0,A,False,shared,0.0,1.0,3.0,200.0,10000.0,2.0,1.0,0.0,400.0,12.425,13.243,6.69,6.754,9.23,11.794,26.0,,0.0,0.0,0.0,,0.0,,0.0,0.0,,0.0,,0,False,-5.735,-6.489000000000001,1401.0,1401.0
D:\ContainerLiveMigration\tests\testläufe\messungen_daten_v2\runs\batches\20260721_171303_postcopy_wrk3_ae3c82\runs\0091,0091,91,20260721_175216_postcopy_91_f2253a,postcopy,wrk3,ok,2026-07-21T17:52:16Z,2026-07-21T17:52:41Z,,True,True,False,20260721_171303_postcopy_wrk3_ae3c82,/mnt/criu/runs/batches/20260721_171303_postcopy_wrk3_ae3c82,True,D:\ContainerLiveMigration\tests\testläufe\messungen_daten_v2\runs\batches\20260721_171303_postcopy_wrk3_ae3c82\runs\0091\summary.json,,False,,,1784656352664.0,1784656352664.0,events(offset_corrected),2598.0,701.0,1461.0,1.0,1461.0,1461.0,1461.0,10.0,49.0,50.0,1450.0,0.0,194.0,73.0,33.0,0.0,0.0,0.0,194.0,73.0,191.0,73.0,3.0,0.0,1784656350173.0,1784656351634.0,,355.0,323.0,,310.0,424.0,,,,,1347.0,,,,1332.0,,,787.0,1054.0,40.0,40.0,False,0.0,3.0,200.0,A,False,shared,0.0,1.0,3.0,200.0,10000.0,2.0,1.0,0.0,400.0,15.73,16.784,8.94,8.548,12.155,14.756,26.0,,0.0,0.0,0.0,,0.0,,0.0,0.0,,0.0,,0,False,-6.790000000000001,-8.235999999999999,1451.0,1451.0
D:\ContainerLiveMigration\tests\testläufe\messungen_daten_v2\runs\batches\20260721_171303_postcopy_wrk3_ae3c82\runs\0092,0092,92,20260721_175242_postcopy_92_2cb8f8,postcopy,wrk3,ok,2026-07-21T17:52:42Z,2026-07-21T17:53:08Z,,True,True,False,20260721_171303_postcopy_wrk3_ae3c82,/mnt/criu/runs/batches/20260721_171303_postcopy_wrk3_ae3c82,True,D:\ContainerLiveMigration\tests\testläufe\messungen_daten_v2\runs\batches\20260721_171303_postcopy_wrk3_ae3c82\runs\0092\summary.json,,False,,,1784656379155.0,1784656379155.0,events(offset_corrected),2547.0,701.0,1412.0,1.0,1412.0,1412.0,1412.0,0.0,53.0,50.0,1400.0,,200.0,73.0,30.0,0.0,0.0,0.0,200.0,72.0,200.0,72.0,0.0,0.0,1784656376707.0,1784656378119.0,,373.0,318.0,,311.0,448.0,,,,,1352.0,,,,1337.0,,,769.0,1052.0,40.0,40.0,False,0.0,3.0,200.0,A,False,shared,0.0,1.0,3.0,200.0,10000.0,2.0,1.0,0.0,400.0,14.12,14.863,8.02,8.074,10.74,13.132,27.0,,0.0,0.0,0.0,,0.0,,0.0,0.0,,0.0,,0,True,-6.1,-6.789,1412.0,1412.0
D:\ContainerLiveMigration\tests\testläufe\messungen_daten_v2\runs\batches\20260721_171303_postcopy_wrk3_ae3c82\runs\0093,0093,93,20260721_175309_postcopy_93_a73b29,postcopy,wrk3,ok,2026-07-21T17:53:09Z,2026-07-21T17:53:34Z,,True,True,False,20260721_171303_postcopy_wrk3_ae3c82,/mnt/criu/runs/batches/20260721_171303_postcopy_wrk3_ae3c82,True,D:\ContainerLiveMigration\tests\testläufe\messungen_daten_v2\runs\batches\20260721_171303_postcopy_wrk3_ae3c82\runs\0093\summary.json,,False,,,1784656405227.0,1784656405227.0,events(offset_corrected),2554.0,650.0,1461.0,1.0,1461.0,1461.0,1461.0,0.0,49.0,50.0,1450.0,,193.0,75.0,30.0,0.0,0.0,0.0,193.0,74.0,193.0,74.0,0.0,0.0,1784656402762.0,1784656404223.0,,354.0,332.0,,311.0,419.0,,,,,1326.0,,,,1309.0,,,796.0,1085.0,40.0,40.0,False,0.0,3.0,200.0,A,False,shared,0.0,1.0,3.0,200.0,10000.0,2.0,1.0,0.0,400.0,14.16,15.179,9.38,9.191,10.855,13.142,26.0,,0.0,0.0,0.0,,0.0,,0.0,0.0,,0.0,,0,True,-4.779999999999999,-5.9879999999999995,1461.0,1461.0
D:\ContainerLiveMigration\tests\testläufe\messungen_daten_v2\runs\batches\20260721_171303_postcopy_wrk3_ae3c82\runs\0094,0094,94,20260721_175335_postcopy_94_717394,postcopy,wrk3,ok,2026-07-21T17:53:35Z,2026-07-21T17:54:00Z,,True,True,False,20260721_171303_postcopy_wrk3_ae3c82,/mnt/criu/runs/batches/20260721_171303_postcopy_wrk3_ae3c82,True,D:\ContainerLiveMigration\tests\testläufe\messungen_daten_v2\runs\batches\20260721_171303_postcopy_wrk3_ae3c82\runs\0094\summary.json,,False,,,1784656431542.0,1784656431542.0,events(offset_corrected),2604.0,701.0,1571.0,2.0,2720.0,1511.0,1511.0,0.0,53.0,50.0,1500.0,,196.0,78.0,31.0,1.0,0.0,0.0,196.0,77.0,196.0,77.0,0.0,0.0,1784656429058.0,1784656430569.0,,355.0,334.0,,290.0,429.0,,,,,1340.0,,,,1327.0,,,783.0,1065.0,40.0,40.0,False,0.0,3.0,200.0,A,False,shared,0.0,1.0,3.0,200.0,10000.0,2.0,1.0,0.0,400.0,11.86,13.346,3.645,4.747,8.68,10.927,27.0,,0.0,0.0,0.0,,0.0,,0.0,0.0,,0.0,,0,True,-8.215,-8.599,1571.0,1511.0
D:\ContainerLiveMigration\tests\testläufe\messungen_daten_v2\runs\batches\20260721_171303_postcopy_wrk3_ae3c82\runs\0095,0095,95,20260721_175401_postcopy_95_9a8a65,postcopy,wrk3,ok,2026-07-21T17:54:01Z,2026-07-21T17:54:26Z,,True,True,False,20260721_171303_postcopy_wrk3_ae3c82,/mnt/criu/runs/batches/20260721_171303_postcopy_wrk3_ae3c82,True,D:\ContainerLiveMigration\tests\testläufe\messungen_daten_v2\runs\batches\20260721_171303_postcopy_wrk3_ae3c82\runs\0095\summary.json,,False,,,1784656457766.0,1784656457766.0,events(offset_corrected),2498.0,650.0,1361.0,1.0,1361.0,1361.0,1361.0,0.0,0.0,50.0,1350.0,,189.0,72.0,28.0,0.0,0.0,0.0,188.0,73.0,188.0,73.0,0.0,0.0,1784656455392.0,1784656456753.0,,358.0,331.0,,317.0,425.0,,,,,1331.0,,,,1318.0,,,784.0,1051.0,40.0,40.0,False,0.0,3.0,200.0,A,False,shared,0.0,1.0,3.0,200.0,10000.0,2.0,1.0,0.0,400.0,12.905,14.42,8.48,8.537,10.83,12.918,26.0,,0.0,0.0,0.0,,0.0,,0.0,0.0,,0.0,,0,True,-4.424999999999999,-5.882999999999999,1361.0,1361.0
D:\ContainerLiveMigration\tests\testläufe\messungen_daten_v2\runs\batches\20260721_171303_postcopy_wrk3_ae3c82\runs\0096,0096,96,20260721_175427_postcopy_96_938a7a,postcopy,wrk3,ok,2026-07-21T17:54:27Z,2026-07-21T17:54:52Z,,True,True,False,20260721_171303_postcopy_wrk3_ae3c82,/mnt/criu/runs/batches/20260721_171303_postcopy_wrk3_ae3c82,True,D:\ContainerLiveMigration\tests\testläufe\messungen_daten_v2\runs\batches\20260721_171303_postcopy_wrk3_ae3c82\runs\0096\summary.json,,False,,,1784656483554.0,1784656483554.0,events(offset_corrected),2596.0,650.0,1512.0,1.0,1512.0,1512.0,1512.0,0.0,52.0,50.0,1500.0,,189.0,73.0,31.0,0.0,0.0,0.0,189.0,73.0,189.0,73.0,0.0,0.0,1784656481056.0,1784656482568.0,,354.0,329.0,,305.0,428.0,,,,,1311.0,,,,1300.0,,,780.0,1057.0,40.0,40.0,False,0.0,3.0,200.0,A,False,shared,0.0,1.0,3.0,200.0,10000.0,2.0,1.0,0.0,400.0,15.575,15.794,8.06,7.847,12.15,14.016,26.0,,0.0,0.0,0.0,,0.0,,0.0,0.0,,0.0,,0,True,-7.514999999999999,-7.947,1512.0,1512.0
D:\ContainerLiveMigration\tests\testläufe\messungen_daten_v2\runs\batches\20260721_171303_postcopy_wrk3_ae3c82\runs\0097,0097,97,20260721_175453_postcopy_97_91e8cc,postcopy,wrk3,ok,2026-07-21T17:54:53Z,2026-07-21T17:55:19Z,,True,True,False,20260721_171303_postcopy_wrk3_ae3c82,/mnt/criu/runs/batches/20260721_171303_postcopy_wrk3_ae3c82,True,D:\ContainerLiveMigration\tests\testläufe\messungen_daten_v2\runs\batches\20260721_171303_postcopy_wrk3_ae3c82\runs\0097\summary.json,,False,,,1784656510124.0,1784656510124.0,events(offset_corrected),2656.0,700.0,1512.0,1.0,1512.0,1512.0,1512.0,0.0,0.0,50.0,1500.0,,197.0,74.0,31.0,0.0,0.0,0.0,196.0,74.0,196.0,74.0,0.0,0.0,1784656507603.0,1784656509115.0,,356.0,334.0,,315.0,419.0,,,,,1364.0,,,,1350.0,,,779.0,1077.0,40.0,40.0,False,0.0,3.0,200.0,A,False,shared,0.0,1.0,3.0,200.0,10000.0,2.0,1.0,0.0,400.0,10.96,11.694,9.46,9.053,10.54,12.005,26.0,,0.0,0.0,0.0,,0.0,,0.0,0.0,,0.0,,0,True,-1.5,-2.641,1512.0,1512.0
D:\ContainerLiveMigration\tests\testläufe\messungen_daten_v2\runs\batches\20260721_171303_postcopy_wrk3_ae3c82\runs\0098,0098,98,20260721_175520_postcopy_98_f8098a,postcopy,wrk3,ok,2026-07-21T17:55:20Z,2026-07-21T17:55:45Z,,True,True,False,20260721_171303_postcopy_wrk3_ae3c82,/mnt/criu/runs/batches/20260721_171303_postcopy_wrk3_ae3c82,True,D:\ContainerLiveMigration\tests\testläufe\messungen_daten_v2\runs\batches\20260721_171303_postcopy_wrk3_ae3c82\runs\0098\summary.json,,False,,,1784656536297.0,1784656536297.0,events(offset_corrected),2604.0,650.0,1511.0,1.0,1511.0,1511.0,1511.0,0.0,48.0,50.0,1500.0,,192.0,73.0,32.0,0.0,0.0,0.0,192.0,73.0,192.0,73.0,0.0,0.0,1784656533792.0,1784656535303.0,,352.0,326.0,,303.0,423.0,,,,,1368.0,,,,1354.0,,,782.0,1054.0,40.0,40.0,False,0.0,3.0,200.0,A,False,shared,0.0,1.0,3.0,200.0,10000.0,2.0,1.0,0.0,400.0,12.125,14.216,8.85,8.538,10.89,13.215,26.0,,0.0,0.0,0.0,,0.0,,0.0,0.0,,0.0,,0,True,-3.2750000000000004,-5.677999999999999,1511.0,1511.0
D:\ContainerLiveMigration\tests\testläufe\messungen_daten_v2\runs\batches\20260721_171303_postcopy_wrk3_ae3c82\runs\0099,0099,99,20260721_175546_postcopy_99_ad2056,postcopy,wrk3,ok,2026-07-21T17:55:46Z,2026-07-21T17:56:11Z,,True,True,False,20260721_171303_postcopy_wrk3_ae3c82,/mnt/criu/runs/batches/20260721_171303_postcopy_wrk3_ae3c82,True,D:\ContainerLiveMigration\tests\testläufe\messungen_daten_v2\runs\batches\20260721_171303_postcopy_wrk3_ae3c82\runs\0099\summary.json,,False,,,1784656562402.0,1784656562402.0,events(offset_corrected),2503.0,701.0,1360.0,1.0,1360.0,1360.0,1360.0,0.0,46.0,50.0,1349.0,,195.0,73.0,28.0,0.0,0.0,0.0,195.0,72.0,195.0,72.0,0.0,0.0,1784656560008.0,1784656561368.0,,348.0,335.0,,311.0,435.0,,,,,1345.0,,,,1330.0,,,762.0,1034.0,40.0,40.0,False,0.0,3.0,200.0,A,False,shared,0.0,1.0,3.0,200.0,10000.0,2.0,1.0,0.0,400.0,14.26,15.017,7.11,7.282,10.105,13.348,26.0,,0.0,0.0,0.0,,0.0,,0.0,0.0,,0.0,,0,True,-7.1499999999999995,-7.734999999999999,1360.0,1360.0
D:\ContainerLiveMigration\tests\testläufe\messungen_daten_v2\runs\batches\20260721_171303_postcopy_wrk3_ae3c82\runs\0100,0100,100,20260721_175612_postcopy_100_343c6e,postcopy,wrk3,ok,2026-07-21T17:56:12Z,2026-07-21T17:56:37Z,,True,True,False,20260721_171303_postcopy_wrk3_ae3c82,/mnt/criu/runs/batches/20260721_171303_postcopy_wrk3_ae3c82,True,D:\ContainerLiveMigration\tests\testläufe\messungen_daten_v2\runs\batches\20260721_171303_postcopy_wrk3_ae3c82\runs\0100\summary.json,,False,,,1784656588522.0,1784656588522.0,events(offset_corrected),2553.0,700.0,1411.0,1.0,1411.0,1411.0,1411.0,0.0,52.0,50.0,1400.0,,189.0,72.0,29.0,0.0,0.0,0.0,189.0,72.0,189.0,72.0,0.0,0.0,1784656586088.0,1784656587499.0,,376.0,322.0,,309.0,431.0,,,,,1345.0,,,,1331.0,,,758.0,1030.0,40.0,40.0,False,0.0,3.0,200.0,A,False,shared,0.0,1.0,3.0,200.0,10000.0,2.0,1.0,0.0,400.0,12.26,14.132,8.25,8.36,11.405,13.113,26.0,,0.0,0.0,0.0,,0.0,,0.0,0.0,,0.0,,0,True,-4.01,-5.772,1411.0,1411.0
